|CCF|RV|RV_err|addmode|vbary|identifier|SpT|configuration|Instrument|Date|Temperature|Velocity|vsini_sec|feh|significance|Comments|Rank|Keck|VLT|Gemini|Imaging_Detecton|best_addmode|parsed_date|Tmeas|Tmeas_err|UT_date
0|0.3557659922|7.2422553442|0.1972617716|ml|22.67|HIP 2548|B9.5V|"  (5.70(5.84B9.5V + 7.99; 25.55y  e=.80) + 9.61; 27.5"")"|HET|20130812|5600|6.985|30|-0.5|29.0558297554|Confirmed|1|n|Y|n||simple|2013-08-12|5600.04766806|215.998030575|2013-08-12
1|0.3480658236|7.3034955484|0.2072932834|dc|22.67|HIP 2548|B9.5V|"  (5.70(5.84B9.5V + 7.99; 25.55y  e=.80) + 9.61; 27.5"")"|HET|20130812|5600|6.985|30|-0.5|29.0558297554|Confirmed|1|n|Y|n||simple|2013-08-12|5600.04766806|215.998030575|2013-08-12
2|0.2995762924|7.3666535801|0.2586029771|simple|22.67|HIP 2548|B9.5V|"  (5.70(5.84B9.5V + 7.99; 25.55y  e=.80) + 9.61; 27.5"")"|HET|20130812|5600|6.985|30|-0.5|29.0558297554|Confirmed|1|n|Y|n||simple|2013-08-12|5600.04766806|215.998030575|2013-08-12
3|0.12038096|||ml|24.39|HIP 2548|B9.5V|"  (5.70(5.84B9.5V + 7.99; 25.55y  e=.80) + 9.61; 27.5"")"|IGRINS|20150806|6000|2.853|30|0|8.796868428|Confirmed. Not detected with addmode=ml, and only marginally with simple|1|n|Y|n||simple|2015-08-06|6000.00818018|216.001275377|2015-08-06
4|0.119809778|||dc|24.39|HIP 2548|B9.5V|"  (5.70(5.84B9.5V + 7.99; 25.55y  e=.80) + 9.61; 27.5"")"|IGRINS|20150806|6000|2.853|30|0|8.796868428|Confirmed. Not detected with addmode=ml, and only marginally with simple|1|n|Y|n||simple|2015-08-06|6000.00818018|216.001275377|2015-08-06
5|0.0882441606|2.8095903539|1.2284353425|simple|24.39|HIP 2548|B9.5V|"  (5.70(5.84B9.5V + 7.99; 25.55y  e=.80) + 9.61; 27.5"")"|IGRINS|20150806|6000|2.853|30|0|8.796868428|Confirmed. Not detected with addmode=ml, and only marginally with simple|1|n|Y|n||simple|2015-08-06|6000.00818018|216.001275377|2015-08-06
6|0.1914480461|-22.6743153867|0.0967296422|ml|-23.16|HIP 3478|B5V|  B5V|TS23|20140112|5800|-46.17|5|-0.5|31.0993615098|Very nice looking peak. Tens of sigma. This exists, damnit!|7|n|n|n||simple|2014-01-12|5799.80274502|215.990024802|2014-01-12
7|0.190161392|-22.6690623292|0.0980037816|dc|-23.16|HIP 3478|B5V|  B5V|TS23|20140112|5800|-46.17|5|-0.5|31.0993615098|Very nice looking peak. Tens of sigma. This exists, damnit!|7|n|n|n||simple|2014-01-12|5799.80274502|215.990024802|2014-01-12
8|0.1748396979|-22.6358572938|0.1057624342|simple|-23.16|HIP 3478|B5V|  B5V|TS23|20140112|5800|-46.17|5|-0.5|31.0993615098|Very nice looking peak. Tens of sigma. This exists, damnit!|7|n|n|n||simple|2014-01-12|5799.80274502|215.990024802|2014-01-12
9|0.0954563231|7.8252306145|0.8393492363|ml|0.62|HIP 5310|A3V|  (A3V + ?; ?)|IGRINS|20141014|3400|4.825|30|0|13.2448712865|Needs follow-up|3|Y|n|Y||simple|2014-10-14|3399.87177049|215.846391367|2014-10-15
10|0.0952220642|7.8242924078|0.8408913183|dc|0.62|HIP 5310|A3V|  (A3V + ?; ?)|IGRINS|20141014|3400|4.825|30|0|13.2448712865|Needs follow-up|3|Y|n|Y||simple|2014-10-14|3399.87177049|215.846391367|2014-10-15
11|0.0744063494|7.2403133882|1.6149613817|simple|0.62|HIP 5310|A3V|  (A3V + ?; ?)|IGRINS|20141014|3400|4.825|30|0|13.2448712865|Needs follow-up|3|Y|n|Y||simple|2014-10-14|3399.87177049|215.846391367|2014-10-15
12|0.2720624407|-35.0426295753|0.111247962|ml|5.45|HR 545|B9.5IV|B9V|IGRINS|20141014|4500|-34.854|5|-0.5|36.9965334882|Confirmed|1|Y|n|n||simple|2014-10-14|4499.70631983|215.693513133|2014-10-15
13|0.2699577426|-35.0210828392|0.1131078774|dc|5.45|HR 545|B9.5IV|B9V|IGRINS|20141014|4500|-34.854|5|-0.5|36.9965334882|Confirmed|1|Y|n|n||simple|2014-10-14|4499.70631983|215.693513133|2014-10-15
14|0.2532294382|-34.9063766146|0.1201139474|simple|5.45|HR 545|B9.5IV|B9V|IGRINS|20141014|4500|-34.854|5|-0.5|36.9965334882|Confirmed|1|Y|n|n||simple|2014-10-14|4499.70631983|215.693513133|2014-10-15
15|0.2102165743|32.4005734196|0.1034185039|ml|2.31|HR 545|B9.5IV|B9V|TS23|20131021|4500|33.832|5|-0.5|30.4123361894|This is way too low T to be the G2|1|Y|n|n||simple|2013-10-21|4499.89669508|215.898235434|2013-10-21
16|0.2076858637|32.4085350981|0.1058664292|dc|2.31|HR 545|B9.5IV|B9V|TS23|20131021|4500|33.832|5|-0.5|30.4123361894|This is way too low T to be the G2|1|Y|n|n||simple|2013-10-21|4499.89669508|215.898235434|2013-10-21
17|0.1719341989|32.3699094437|0.1255741816|simple|2.31|HR 545|B9.5IV|B9V|TS23|20131021|4500|33.832|5|-0.5|30.4123361894|This is way too low T to be the G2|1|Y|n|n||simple|2013-10-21|4499.89669508|215.898235434|2013-10-21
18|0.2553512553|33.1499623193|0.1354496394|ml|-29.3|HR 545|B9.5IV|B9V|TS23|20140111|4500|6.673|5|0|46.2865402376|RV change!|1|Y|n|n||simple|2014-01-11|4500.0086977|215.814406862|2014-01-11
19|0.2502575817|33.1499623193|0.1265221945|dc|-29.3|HR 545|B9.5IV|B9V|TS23|20140111|4500|6.673|5|0|46.2865402376|RV change!|1|Y|n|n||simple|2014-01-11|4500.0086977|215.814406862|2014-01-11
20|0.208656061|33.1499623193|0.1569210631|simple|-29.3|HR 545|B9.5IV|B9V|TS23|20140111|4500|6.673|5|0|46.2865402376|RV change!|1|Y|n|n||simple|2014-01-11|4500.0086977|215.814406862|2014-01-11
21|0.0998237933|-11.0452880495|0.214304454|ml|7.25|HR 604|B8V+A0V|"(2.33K3IIb + 5.02(5.5(B7V + B9V; 2.67d) + 6.2A0V; 63.67y e=.93); 9.580"")"|TS23|20131020|5000|-4.805|5|0.5|15.0383602379|Probably light from the K3|1|n|n|n||simple|2013-10-20|5000.07068746|215.987688991|2013-10-20
22|0.0994971138|-11.0324735607|0.2154859924|dc|7.25|HR 604|B8V+A0V|"(2.33K3IIb + 5.02(5.5(B7V + B9V; 2.67d) + 6.2A0V; 63.67y e=.93); 9.580"")"|TS23|20131020|5000|-4.805|5|0.5|15.0383602379|Probably light from the K3|1|n|n|n||simple|2013-10-20|5000.07068746|215.987688991|2013-10-20
23|0.0760883927|-11.4433733312|0.2773002423|simple|7.25|HR 604|B8V+A0V|"(2.33K3IIb + 5.02(5.5(B7V + B9V; 2.67d) + 6.2A0V; 63.67y e=.93); 9.580"")"|TS23|20131020|5000|-4.805|5|0.5|15.0383602379|Probably light from the K3|1|n|n|n||simple|2013-10-20|5000.07068746|215.987688991|2013-10-20
24|0.1167020315|-3.8617248001|0.3045718164|ml|8.33|HIP 10732|A1Vn|  A1Vn|IGRINS|20141014|5500|-5.673|5|0|17.4437540101|Confirmed. Best [Fe/H] actually -0.5, but 0.0 is good too. Temperature changes!|1|Y|n|n||simple|2014-10-14|5499.89479771|215.973880085|2014-10-15
25|0.1163845774|-3.8648965307|0.3062485847|dc|8.33|HIP 10732|A1Vn|  A1Vn|IGRINS|20141014|5500|-5.673|5|0|17.4437540101|Confirmed. Best [Fe/H] actually -0.5, but 0.0 is good too. Temperature changes!|1|Y|n|n||simple|2014-10-14|5499.89479771|215.973880085|2014-10-15
26|0.1012745361|-3.672136442|0.3372305534|simple|8.33|HIP 10732|A1Vn|  A1Vn|IGRINS|20141014|5500|-5.673|5|0|17.4437540101|Confirmed. Best [Fe/H] actually -0.5, but 0.0 is good too. Temperature changes!|1|Y|n|n||simple|2014-10-14|5499.89479771|215.973880085|2014-10-15
27|0.0987915299|-4.2709048887|0.479061695|ml|-25.8|HIP 10732|A1Vn|  A1Vn|IGRINS|20150301|5700|-5.036|10|0|11.8514412144|Confirmed. Best [Fe/H] actually -0.5, but 0.0 is good too. Temperature changes!|1|Y|n|n||simple|2015-03-01|5699.94163572|215.986187975|2015-03-02
28|0.0981701354|-4.2422467038|0.4850501326|dc|-25.8|HIP 10732|A1Vn|  A1Vn|IGRINS|20150301|5700|-5.036|10|0|11.8514412144|Confirmed. Best [Fe/H] actually -0.5, but 0.0 is good too. Temperature changes!|1|Y|n|n||simple|2015-03-01|5699.94163572|215.986187975|2015-03-02
29|0.0723006014|-4.3679108038|0.5962171027|simple|-25.8|HIP 10732|A1Vn|  A1Vn|IGRINS|20150301|5700|-5.036|10|0|11.8514412144|Confirmed. Best [Fe/H] actually -0.5, but 0.0 is good too. Temperature changes!|1|Y|n|n||simple|2015-03-01|5699.94163572|215.986187975|2015-03-02
30|0.1774320508|-7.8518014755|0.2158324482|ml|10.07|HIP 12332|A7V|  A7V|IGRINS|20141016|5600|-7.581|10|0|22.7767623776|Confirmed|1|n|n|n||simple|2014-10-16|5600.12274096|215.993204038|2014-10-17
31|0.1764892324|-7.8595247033|0.2179038747|dc|10.07|HIP 12332|A7V|  A7V|IGRINS|20141016|5600|-7.581|10|0|22.7767623776|Confirmed|1|n|n|n||simple|2014-10-16|5600.12274096|215.993204038|2014-10-17
32|0.1550696206|-7.9406891268|0.2430044463|simple|10.07|HIP 12332|A7V|  A7V|IGRINS|20141016|5600|-7.581|10|0|22.7767623776|Confirmed|1|n|n|n||simple|2014-10-16|5600.12274096|215.993204038|2014-10-17
33|0.0679189058|-13.5374685966||ml|-29.03|HIP 12332|A7V|  A7V|TS23|20140120|5800|-35.745|5|0.5|38.4638083554|Confirmed|1|n|n|n||simple|2014-01-20|5800.22609406|215.943751887|2014-01-20
34|0.06775928|-13.5374685966||dc|-29.03|HIP 12332|A7V|  A7V|TS23|20140120|5800|-35.745|5|0.5|38.4638083554|Confirmed|1|n|n|n||simple|2014-01-20|5800.22609406|215.943751887|2014-01-20
35|0.0482373795|-13.5374685966||simple|-29.03|HIP 12332|A7V|  A7V|TS23|20140120|5800|-35.745|5|0.5|38.4638083554|Confirmed|1|n|n|n||simple|2014-01-20|5800.22609406|215.943751887|2014-01-20
36|0.3020086562|-11.9377508753|0.1384859847|ml|7.96|HIP 12706|A2Vn+F4V|"  ((3.56A3V + 6.63F3V; 2.600"") + 10.16K5; 840"")"|IGRINS|20141015|6100|-11.926|10|0|38.0838897082|Confirmed|1|n|n|n||simple|2014-10-15|6099.93236602|215.960716533|2014-10-16
37|0.2981879503|-11.9371014912|0.142537607|dc|7.96|HIP 12706|A2Vn+F4V|"  ((3.56A3V + 6.63F3V; 2.600"") + 10.16K5; 840"")"|IGRINS|20141015|6100|-11.926|10|0|38.0838897082|Confirmed|1|n|n|n||simple|2014-10-15|6099.93236602|215.960716533|2014-10-16
38|0.2637044112|-11.8227229104|0.1625528873|simple|7.96|HIP 12706|A2Vn+F4V|"  ((3.56A3V + 6.63F3V; 2.600"") + 10.16K5; 840"")"|IGRINS|20141015|6100|-11.926|10|0|38.0838897082|Confirmed|1|n|n|n||simple|2014-10-15|6099.93236602|215.960716533|2014-10-16
39|0.6889949402|-10.7479949155|0.0313416765|ml|6.18|HIP 12706|A2Vn+F4V|"  ((3.56A3V + 6.63F3V; 2.600"") + 10.16K5; 840"")"|TS23|20131019|6300|-4.934|10|0|77.1713592692|This seems to be the F3.|1|n|n|n||simple|2013-10-19|6299.97853607|215.867864977|2013-10-19
40|0.6611773101|-10.7571293272|0.036175312|dc|6.18|HIP 12706|A2Vn+F4V|"  ((3.56A3V + 6.63F3V; 2.600"") + 10.16K5; 840"")"|TS23|20131019|6300|-4.934|10|0|77.1713592692|This seems to be the F3.|1|n|n|n||simple|2013-10-19|6299.97853607|215.867864977|2013-10-19
41|0.641438679|-10.7215533886|0.0380085327|simple|6.18|HIP 12706|A2Vn+F4V|"  ((3.56A3V + 6.63F3V; 2.600"") + 10.16K5; 840"")"|TS23|20131019|6300|-4.934|10|0|77.1713592692|This seems to be the F3.|1|n|n|n||simple|2013-10-19|6299.97853607|215.867864977|2013-10-19
42|0.1010851794|-82.6116499463|0.1397287846|ml|29.4|HIP 13165|B6V|"  ((5.30(B6V + ?; 3.854d  e=.04) + 8.46A0Vp; 3.280"") + 11.0F8V; 25.2"")"|HET|20130814|5900|-82.729|5|-0.5|24.7101791699|Consistent velocity with ~4 day orbit|1|Y|n|n||simple|2013-08-14|5899.94607659|216.001899375|2013-08-14
43|0.1009508617|-82.612598734|0.1399891663|dc|29.4|HIP 13165|B6V|"  ((5.30(B6V + ?; 3.854d  e=.04) + 8.46A0Vp; 3.280"") + 11.0F8V; 25.2"")"|HET|20130814|5900|-82.729|5|-0.5|24.7101791699|Consistent velocity with ~4 day orbit|1|Y|n|n||simple|2013-08-14|5899.94607659|216.001899375|2013-08-14
44|0.0889384641|-82.7306614705|0.1491838477|simple|29.4|HIP 13165|B6V|"  ((5.30(B6V + ?; 3.854d  e=.04) + 8.46A0Vp; 3.280"") + 11.0F8V; 25.2"")"|HET|20130814|5900|-82.729|5|-0.5|24.7101791699|Consistent velocity with ~4 day orbit|1|Y|n|n||simple|2013-08-14|5899.94607659|216.001899375|2013-08-14
45|0.0422048665|-34.2253505673||ml|-27.83|HIP 13327|B7V|  B7V|TS23|20140113|5800|-55.233|5|-0.5|7.8896272637|Needs follow-up. Also has a detection at 4100 K, same RV. Slightly weaker and higher vsini. None of this is true with addmode=ml. Check addmode=simple, and maybe without caching?|2|n|n|n||simple|2014-01-13|5799.99088681|216.020664357|2014-01-13
46|0.0421587056|-34.2253505673||dc|-27.83|HIP 13327|B7V|  B7V|TS23|20140113|5800|-55.233|5|-0.5|7.8896272637|Needs follow-up. Also has a detection at 4100 K, same RV. Slightly weaker and higher vsini. None of this is true with addmode=ml. Check addmode=simple, and maybe without caching?|2|n|n|n||simple|2014-01-13|5799.99088681|216.020664357|2014-01-13
47|0.0185355138|-34.2253505673||simple|-27.83|HIP 13327|B7V|  B7V|TS23|20140113|5800|-55.233|5|-0.5|7.8896272637|Needs follow-up. Also has a detection at 4100 K, same RV. Slightly weaker and higher vsini. None of this is true with addmode=ml. Check addmode=simple, and maybe without caching?|2|n|n|n||simple|2014-01-13|5799.99088681|216.020664357|2014-01-13
48|0.5907963238|30.2871527947|0.0290589764|ml|14.1|HIP 14576|B8V|  ((6.0G8IV + 2.2B8V; 2.87d  SD) + 4.72F1; 1.86y, e=0.23)|TS23|20131017|7200|45.426|10|0|88.3188991511|F1 detected|1|Y|n|Y||simple|2013-10-17|7125.04758913|221.66690461|2013-10-17
49|0.5713106734|30.2887515155|0.0317788251|dc|14.1|HIP 14576|B8V|  ((6.0G8IV + 2.2B8V; 2.87d  SD) + 4.72F1; 1.86y, e=0.23)|TS23|20131017|7200|45.426|10|0|88.3188991511|F1 detected|1|Y|n|Y||simple|2013-10-17|7125.04758913|221.66690461|2013-10-17
50|0.5460011275|30.2923668563|0.0338530724|simple|14.1|HIP 14576|B8V|  ((6.0G8IV + 2.2B8V; 2.87d  SD) + 4.72F1; 1.86y, e=0.23)|TS23|20131017|7200|45.426|10|0|88.3188991511|F1 detected|1|Y|n|Y||simple|2013-10-17|7125.04758913|221.66690461|2013-10-17
51|0.5906403679|31.5948351792|0.0286646929|ml|13.88|HIP 14576|B8V|  ((6.0G8IV + 2.2B8V; 2.87d  SD) + 4.72F1; 1.86y, e=0.23)|TS23|20131018|7400|44.928|10|0|94.8215431367|Is the rv change significant?|1|Y|n|Y||simple|2013-10-18|7399.96856409|199.978553529|2013-10-18
52|0.563915417|31.636004896|0.0328465524|dc|13.88|HIP 14576|B8V|  ((6.0G8IV + 2.2B8V; 2.87d  SD) + 4.72F1; 1.86y, e=0.23)|TS23|20131018|7400|44.928|10|0|94.8215431367|Is the rv change significant?|1|Y|n|Y||simple|2013-10-18|7399.96856409|199.978553529|2013-10-18
53|0.5435109005|31.653756637|0.0347377766|simple|13.88|HIP 14576|B8V|  ((6.0G8IV + 2.2B8V; 2.87d  SD) + 4.72F1; 1.86y, e=0.23)|TS23|20131018|7400|44.928|10|0|94.8215431367|Is the rv change significant?|1|Y|n|Y||simple|2013-10-18|7399.96856409|199.978553529|2013-10-18
54|0.0754365055|||ml|12.67|HIP 14764|B8V|  B8V|IGRINS|20141015|5600|122.258|30|0.5|5.8543483659|Confirmed, but the parameters are pretty crazy except for the temperature|1|n|n|n||simple|2014-10-15|5600.01059871|216.007985473|2014-10-16
55|0.0752053431|||dc|12.67|HIP 14764|B8V|  B8V|IGRINS|20141015|5600|122.258|30|0.5|5.8543483659|Confirmed, but the parameters are pretty crazy except for the temperature|1|n|n|n||simple|2014-10-15|5600.01059871|216.007985473|2014-10-16
56|0.0485000181|123.250395134|1.9055243156|simple|12.67|HIP 14764|B8V|  B8V|IGRINS|20141015|5600|122.258|30|0.5|5.8543483659|Confirmed, but the parameters are pretty crazy except for the temperature|1|n|n|n||simple|2014-10-15|5600.01059871|216.007985473|2014-10-16
57|0.093800808|-35.7740957766||ml|-28.67|HIP 14764|B8V|  B8V|TS23|20140122|5900|-57.622|5|-0.5|25.3308551646|Confirmed|1|n|n|n||simple|2014-01-22|5899.90809747|215.970927094|2014-01-22
58|0.093508662|-35.7740957766||dc|-28.67|HIP 14764|B8V|  B8V|TS23|20140122|5900|-57.622|5|-0.5|25.3308551646|Confirmed|1|n|n|n||simple|2014-01-22|5899.90809747|215.970927094|2014-01-22
59|0.0769764144|-35.7740957766||simple|-28.67|HIP 14764|B8V|  B8V|TS23|20140122|5900|-57.622|5|-0.5|25.3308551646|Confirmed|1|n|n|n||simple|2014-01-22|5899.90809747|215.970927094|2014-01-22
60|0.0871884798|-14.7221689397|0.3556737607|ml|16.86|HIP 16244|B3V|"  (4.76B3V + 7.18; .720"")"|IGRINS|20141014|6200|-15.351|5|-0.5|13.7823116554|Confirmed. Temperature is very different for the two instruments...|1|n|n|n||simple|2014-10-14|6199.92871925|216.002189083|2014-10-15
61|0.0871016821|-14.722154525|0.3560102043|dc|16.86|HIP 16244|B3V|"  (4.76B3V + 7.18; .720"")"|IGRINS|20141014|6200|-15.351|5|-0.5|13.7823116554|Confirmed. Temperature is very different for the two instruments...|1|n|n|n||simple|2014-10-14|6199.92871925|216.002189083|2014-10-15
62|0.0792682369|-14.4366583245|0.3519218562|simple|16.86|HIP 16244|B3V|"  (4.76B3V + 7.18; .720"")"|IGRINS|20141014|6200|-15.351|5|-0.5|13.7823116554|Confirmed. Temperature is very different for the two instruments...|1|n|n|n||simple|2014-10-14|6199.92871925|216.002189083|2014-10-15
63|0.1666958179|19.4323729338|0.123701613|ml|15.61|HIP 16244|B3V|"  (4.76B3V + 7.18; .720"")"|TS23|20131018|5300|33.919|5|-0.5|26.4429376465|New temperature for known companion. MagDiff seems too small though?|1|n|n|n||simple|2013-10-18|5300.0032766|215.984242113|2013-10-18
64|0.1655658391|19.4367426601|0.1251298092|dc|15.61|HIP 16244|B3V|"  (4.76B3V + 7.18; .720"")"|TS23|20131018|5300|33.919|5|-0.5|26.4429376465|New temperature for known companion. MagDiff seems too small though?|1|n|n|n||simple|2013-10-18|5300.0032766|215.984242113|2013-10-18
65|0.143553484|19.6090125719|0.1387051448|simple|15.61|HIP 16244|B3V|"  (4.76B3V + 7.18; .720"")"|TS23|20131018|5300|33.919|5|-0.5|26.4429376465|New temperature for known companion. MagDiff seems too small though?|1|n|n|n||simple|2013-10-18|5300.0032766|215.984242113|2013-10-18
66|0.0715498504|-20.5855601268|0.3266746981|ml|-22.5|HIP 16340|B8V|  B8V|TS23|20140121|6500|-23.4|5|-0.5|11.0549036592|Needs follow-up|2|n|n|n||simple|2014-01-21|6499.8927153|215.997819748|2014-01-21
67|0.0714536296|-20.5849054198|0.327076806|dc|-22.5|HIP 16340|B8V|  B8V|TS23|20140121|6500|-23.4|5|-0.5|11.0549036592|Needs follow-up|2|n|n|n||simple|2014-01-21|6499.8927153|215.997819748|2014-01-21
68|0.0618033473|-20.8468716095|0.3554892291|simple|-22.5|HIP 16340|B8V|  B8V|TS23|20140121|6500|-23.4|5|-0.5|11.0549036592|Needs follow-up|2|n|n|n||simple|2014-01-21|6499.8927153|215.997819748|2014-01-21
69|0.0456339993|||ml|8.16|HIP 16611|B9V|  (B8V + B8V; 6.224d  e=.20)|IGRINS|20141015|5500|111.679|1|0.5|6.1012778321|Needs follow-up. Weak peak.|3|Y|n|n||simple|2014-10-15|5500.03066574|216.002545723|2014-10-16
70|0.0456054743|||dc|8.16|HIP 16611|B9V|  (B8V + B8V; 6.224d  e=.20)|IGRINS|20141015|5500|111.679|1|0.5|6.1012778321|Needs follow-up. Weak peak.|3|Y|n|n||simple|2014-10-15|5500.03066574|216.002545723|2014-10-16
71|0.0315338057|113.097980801|0.6819740756|simple|8.16|HIP 16611|B9V|  (B8V + B8V; 6.224d  e=.20)|IGRINS|20141015|5500|111.679|1|0.5|6.1012778321|Needs follow-up. Weak peak.|3|Y|n|n||simple|2014-10-15|5500.03066574|216.002545723|2014-10-16
72|0.0422924931|-104.109717802|0.6886421884|ml|27.94|HIP 17563|B3V|  (B3V + ?; 1.694d  e=.40)|CHIRON|20130902|8600|-104.788|5|0.5|6.4215757671|Needs follow-up, but unlikely. Very weak peak|7|n|Y|n||simple|2013-09-02|8599.98517423|199.976421052|2013-09-03
73|0.0422655036|-104.114281979|0.6873192444|dc|27.94|HIP 17563|B3V|  (B3V + ?; 1.694d  e=.40)|CHIRON|20130902|8600|-104.788|5|0.5|6.4215757671|Needs follow-up, but unlikely. Very weak peak|7|n|Y|n||simple|2013-09-02|8599.98517423|199.976421052|2013-09-03
74|0.0254289099|-104.771929017|0.45674154|simple|27.94|HIP 17563|B3V|  (B3V + ?; 1.694d  e=.40)|CHIRON|20130902|8600|-104.788|5|0.5|6.4215757671|Needs follow-up, but unlikely. Very weak peak|7|n|Y|n||simple|2013-09-02|8599.98517423|199.976421052|2013-09-03
75|0.0673949564|-363.040739615|0.6806988904|ml|25.28|HIP 18396|B6V|  B6V|HET|20130812|4700|363.021|30|-0.5|8.9927152251|Signal seen with ml addmode... but not simple|9|||||ml|2013-08-12|4700.0032446|215.988859151|2013-08-12
76|0.0659831419|-363.029798947|0.7193217549|dc|25.28|HIP 18396|B6V|  B6V|HET|20130812|4700|363.021|30|-0.5|8.9927152251|Signal seen with ml addmode... but not simple|9|||||ml|2013-08-12|4700.0032446|215.988859151|2013-08-12
77|0.0111786492|||simple|25.28|HIP 18396|B6V|  B6V|HET|20130812|4700|363.021|30|-0.5|8.9927152251|Signal seen with ml addmode... but not simple|9|||||ml|2013-08-12|4700.0032446|215.988859151|2013-08-12
78|0.089657718|||ml|-21.57|HIP 18724|B3V+...|  ((A4IV + B3V; 3.953d  SD) + ?; 33.03d, e=0.15)|TS23|20130107|7200|182.2|20|0|10.5157107408|There is a signal in the CCF, but weird looking… I think it is the A4IV. Both CCF peaks easily visible in primary ccfs, but companion has teff~9000K there...|2|n|n|n||simple|2013-01-07|7125.06563611|221.737200228|2013-01-07
79|0.0894093994|||dc|-21.57|HIP 18724|B3V+...|  ((A4IV + B3V; 3.953d  SD) + ?; 33.03d, e=0.15)|TS23|20130107|7200|182.2|20|0|10.5157107408|There is a signal in the CCF, but weird looking… I think it is the A4IV. Both CCF peaks easily visible in primary ccfs, but companion has teff~9000K there...|2|n|n|n||simple|2013-01-07|7125.06563611|221.737200228|2013-01-07
80|0.0600424584|-226.733799364|0.5668737901|simple|-21.57|HIP 18724|B3V+...|  ((A4IV + B3V; 3.953d  SD) + ?; 33.03d, e=0.15)|TS23|20130107|7200|182.2|20|0|10.5157107408|There is a signal in the CCF, but weird looking… I think it is the A4IV. Both CCF peaks easily visible in primary ccfs, but companion has teff~9000K there...|2|n|n|n||simple|2013-01-07|7125.06563611|221.737200228|2013-01-07
81|0.2391139092|-18.0123740225|0.2750634177|ml|19.37|HIP 19949|A2Vn|  A2Vn|IGRINS|20141014|6500|-18.91|20|-0.5|19.8112699729|Nice looking detection, but not seen in March. CHECK GUIDER IMAGES!|9|n|n|n||simple|2014-10-14|6499.88720367|216.000143245|2014-10-15
82|0.2355483972|-17.9810578187|0.2839453417|dc|19.37|HIP 19949|A2Vn|  A2Vn|IGRINS|20141014|6500|-18.91|20|-0.5|19.8112699729|Nice looking detection, but not seen in March. CHECK GUIDER IMAGES!|9|n|n|n||simple|2014-10-14|6499.88720367|216.000143245|2014-10-15
83|0.198432084|-17.1996718338|0.3284946593|simple|19.37|HIP 19949|A2Vn|  A2Vn|IGRINS|20141014|6500|-18.91|20|-0.5|19.8112699729|Nice looking detection, but not seen in March. CHECK GUIDER IMAGES!|9|n|n|n||simple|2014-10-14|6499.88720367|216.000143245|2014-10-15
84|0.2827101078|-21.1318633744|0.1880698658|ml|19.23|HIP 20380|A3V|  A3V|IGRINS|20141014|6300|-21.074|20|-0.5|30.5492359477|Confirmed|1|n|n|n||simple|2014-10-14|6300.09762417|215.981950221|2014-10-15
85|0.2785435449|-21.1319285184|0.1937813076|dc|19.23|HIP 20380|A3V|  A3V|IGRINS|20141014|6300|-21.074|20|-0.5|30.5492359477|Confirmed|1|n|n|n||simple|2014-10-14|6300.09762417|215.981950221|2014-10-15
86|0.2459402382|-20.9019983229|0.2197451007|simple|19.23|HIP 20380|A3V|  A3V|IGRINS|20141014|6300|-21.074|20|-0.5|30.5492359477|Confirmed|1|n|n|n||simple|2014-10-14|6300.09762417|215.981950221|2014-10-15
87|0.0791276365|10.6940537301|0.8967437128|ml|-24.92|HIP 20380|A3V|  A3V|IGRINS|20150302|6700|11.97|20|0|7.91149418|Confirmed. Not detected with addmode=ml.|1|n|n|n||simple|2015-03-02|6700.02534892|216.009274843|2015-03-03
88|0.0789084221|10.6827865917|0.8991130749|dc|-24.92|HIP 20380|A3V|  A3V|IGRINS|20150302|6700|11.97|20|0|7.91149418|Confirmed. Not detected with addmode=ml.|1|n|n|n||simple|2015-03-02|6700.02534892|216.009274843|2015-03-03
89|0.0609105838|11.8620049879|0.8998748759|simple|-24.92|HIP 20380|A3V|  A3V|IGRINS|20150302|6700|11.97|20|0|7.91149418|Confirmed. Not detected with addmode=ml.|1|n|n|n||simple|2015-03-02|6700.02534892|216.009274843|2015-03-03
90|0.1798207735|21.3682038222|0.1541576375|ml|20.39|HIP 21589|A6V|A6V|IGRINS|20141017|4600|21.77|5|0|23.889650078|Confirmed|3|n|n|n||simple|2014-10-17|4600.27992292|215.77180136|2014-10-18
91|0.179014734|21.3799043559|0.155219992|dc|20.39|HIP 21589|A6V|A6V|IGRINS|20141017|4600|21.77|5|0|23.889650078|Confirmed|3|n|n|n||simple|2014-10-17|4600.27992292|215.77180136|2014-10-18
92|0.1602951559|21.5721465655|0.1687650623|simple|20.39|HIP 21589|A6V|A6V|IGRINS|20141017|4600|21.77|5|0|23.889650078|Confirmed|3|n|n|n||simple|2014-10-17|4600.27992292|215.77180136|2014-10-18
93|0.1694630306|8.4757186456|0.2484261351|ml|22.63|HIP 22833|A3V|"  (A3V + ?; .21"")"|IGRINS|20141015|5100|8.626|10|0|20.5127262815|Confirmed|1|n|n|Y||simple|2014-10-15|5099.81400821|216.032767533|2014-10-16
94|0.1683055671|8.4919690598|0.251972931|dc|22.63|HIP 22833|A3V|"  (A3V + ?; .21"")"|IGRINS|20141015|5100|8.626|10|0|20.5127262815|Confirmed|1|n|n|Y||simple|2014-10-15|5099.81400821|216.032767533|2014-10-16
95|0.1480516807|8.8931194774|0.2783765841|simple|22.63|HIP 22833|A3V|"  (A3V + ?; .21"")"|IGRINS|20141015|5100|8.626|10|0|20.5127262815|Confirmed|1|n|n|Y||simple|2014-10-15|5099.81400821|216.032767533|2014-10-16
96|0.2857867433|8.9472234989|0.0806651767|ml|-21.9|HIP 22833|A3V|"  (A3V + ?; .21"")"|TS23|20140122|4700|-12.222|5|-0.5|41.8943334182|Confirmed|1|n|n|Y||simple|2014-01-22|4700.550246|215.806379836|2014-01-22
97|0.28067497|8.9239482803|0.0833647924|dc|-21.9|HIP 22833|A3V|"  (A3V + ?; .21"")"|TS23|20140122|4700|-12.222|5|-0.5|41.8943334182|Confirmed|1|n|n|Y||simple|2014-01-22|4700.550246|215.806379836|2014-01-22
98|0.2419766022|8.827440693|0.0961384375|simple|-21.9|HIP 22833|A3V|"  (A3V + ?; .21"")"|TS23|20140122|4700|-12.222|5|-0.5|41.8943334182|Confirmed|1|n|n|Y||simple|2014-01-22|4700.550246|215.806379836|2014-01-22
99|0.0845808861|||ml|26.02|HIP 22958|B6V|"  (5.49B6V + 9.64; .650"")"|CHIRON|20130915|5900|42.84|30|-0.5|12.4884450042|Confirmed. Dominated by primary in addmode=ml.|1|n|n|n||simple|2013-09-15|5899.99198443|216.00667504|2013-09-16
100|0.0832353961|||dc|26.02|HIP 22958|B6V|"  (5.49B6V + 9.64; .650"")"|CHIRON|20130915|5900|42.84|30|-0.5|12.4884450042|Confirmed. Dominated by primary in addmode=ml.|1|n|n|n||simple|2013-09-15|5899.99198443|216.00667504|2013-09-16
101|0.0688146041|42.7727920606|0.6189621926|simple|26.02|HIP 22958|B6V|"  (5.49B6V + 9.64; .650"")"|CHIRON|20130915|5900|42.84|30|-0.5|12.4884450042|Confirmed. Dominated by primary in addmode=ml.|1|n|n|n||simple|2013-09-15|5899.99198443|216.00667504|2013-09-16
102|0.0608563429|||ml|20.98|HIP 22958|B6V|"  (5.49B6V + 9.64; .650"")"|CHIRON|20141012|6600|26.678|30|-0.5|8.4376385391|Confirmed. Dominated by primary in addmode=ml. Big temperature change here...|1|n|n|n||simple|2014-10-12|6599.99456521|216.011699031|2014-10-13
103|0.0607652904|||dc|20.98|HIP 22958|B6V|"  (5.49B6V + 9.64; .650"")"|CHIRON|20141012|6600|26.678|30|-0.5|8.4376385391|Confirmed. Dominated by primary in addmode=ml. Big temperature change here...|1|n|n|n||simple|2014-10-12|6599.99456521|216.011699031|2014-10-13
104|0.0388418007|26.7688923121|0.9204293823|simple|20.98|HIP 22958|B6V|"  (5.49B6V + 9.64; .650"")"|CHIRON|20141012|6600|26.678|30|-0.5|8.4376385391|Confirmed. Dominated by primary in addmode=ml. Big temperature change here...|1|n|n|n||simple|2014-10-12|6599.99456521|216.011699031|2014-10-13
105|0.0587622911|||ml|21.76|HIP 23362|B9V|  B9.5Vn|CHIRON|20130912|6400|18.938|5|-0.5|7.648061978|Needs follow-up. Nothing in addmode=ml|4|n|Y|n||simple|2013-09-12|6399.99634022|216.014882842|2013-09-13
106|0.0586628996|||dc|21.76|HIP 23362|B9V|  B9.5Vn|CHIRON|20130912|6400|18.938|5|-0.5|7.648061978|Needs follow-up. Nothing in addmode=ml|4|n|Y|n||simple|2013-09-12|6399.99634022|216.014882842|2013-09-13
107|0.0385755274|19.5025900351|0.3869685746|simple|21.76|HIP 23362|B9V|  B9.5Vn|CHIRON|20130912|6400|18.938|5|-0.5|7.648061978|Needs follow-up. Nothing in addmode=ml|4|n|Y|n||simple|2013-09-12|6399.99634022|216.014882842|2013-09-13
108|0.091411112|25.9188103625|0.1720728758|ml|24.97|HIP 23916|B8III|  B8V|CHIRON|20130919|5600|-25.546|5|-0.5|21.2233135979|Check for RV shift. Need follow-up|3|n|n|Y||simple|2013-09-19|5600.02269321|215.996911902|2013-09-20
109|0.0912641317|25.9161469767|0.1725360142|dc|24.97|HIP 23916|B8III|  B8V|CHIRON|20130919|5600|-25.546|5|-0.5|21.2233135979|Check for RV shift. Need follow-up|3|n|n|Y||simple|2013-09-19|5600.02269321|215.996911902|2013-09-20
110|0.0785763905|25.6823286099|0.1818446997|simple|24.97|HIP 23916|B8III|  B8V|CHIRON|20130919|5600|-25.546|5|-0.5|21.2233135979|Check for RV shift. Need follow-up|3|n|n|Y||simple|2013-09-19|5600.02269321|215.996911902|2013-09-20
111|0.0581360437|||ml|24.08|HIP 24244|B7.5Vn|"  ((B8V + K7.2XR?; .37"") + 10.8G8Ve; 12.7"")"|CHIRON|20130918|5100|23.367|5|-0.5|11.3871632881|Needs follow-up. Very weak peak. Nothing in addmode=ml.|5|n|Y|n||simple|2013-09-18|5100.03040948|215.948459349|2013-09-19
112|0.0580762797|||dc|24.08|HIP 24244|B7.5Vn|"  ((B8V + K7.2XR?; .37"") + 10.8G8Ve; 12.7"")"|CHIRON|20130918|5100|23.367|5|-0.5|11.3871632881|Needs follow-up. Very weak peak. Nothing in addmode=ml.|5|n|Y|n||simple|2013-09-18|5100.03040948|215.948459349|2013-09-19
113|0.0430728183|24.0355408153|0.388582404|simple|24.08|HIP 24244|B7.5Vn|"  ((B8V + K7.2XR?; .37"") + 10.8G8Ve; 12.7"")"|CHIRON|20130918|5100|23.367|5|-0.5|11.3871632881|Needs follow-up. Very weak peak. Nothing in addmode=ml.|5|n|Y|n||simple|2013-09-18|5100.03040948|215.948459349|2013-09-19
114|0.1966140796|15.3546702269|0.5359869574|ml|24.37|HIP 24902|A3V|"  (5.58A3V + 8.55; .380"")"|IGRINS|20141015|5700|16.547|30|0|10.8743655714|Known companion.|1|n|n|n||simple|2014-10-15|5699.64387898|215.95505648|2014-10-16
115|0.19486063|15.3325227888|0.5432241303|dc|24.37|HIP 24902|A3V|"  (5.58A3V + 8.55; .380"")"|IGRINS|20141015|5700|16.547|30|0|10.8743655714|Known companion.|1|n|n|n||simple|2014-10-15|5699.64387898|215.95505648|2014-10-16
116|0.1662638549|15.5808767188|0.5755382556|simple|24.37|HIP 24902|A3V|"  (5.58A3V + 8.55; .380"")"|IGRINS|20141015|5700|16.547|30|0|10.8743655714|Known companion.|1|n|n|n||simple|2014-10-15|5699.64387898|215.95505648|2014-10-16
117|0.0843266155|||ml|24.48|HIP 25143|A3V|  A3V|IGRINS|20141015|5800|138.048|30|0|7.230982429|Nothing seen with addmode=ml. |1|n|n|n||simple|2014-10-15|5799.92931403|215.962840892|2014-10-16
118|0.084168514|||dc|24.48|HIP 25143|A3V|  A3V|IGRINS|20141015|5800|138.048|30|0|7.230982429|Nothing seen with addmode=ml. |1|n|n|n||simple|2014-10-15|5799.92931403|215.962840892|2014-10-16
119|0.0677529882|137.555607371|1.0958641214|simple|24.48|HIP 25143|A3V|  A3V|IGRINS|20141015|5800|138.048|30|0|7.230982429|Nothing seen with addmode=ml. |1|n|n|n||simple|2014-10-15|5799.92931403|215.962840892|2014-10-16
120|0.0572164065|||ml|-28.17|HIP 25143|A3V|  A3V|IGRINS|20150302|6000|119.369|30|0.5|4.7347682589|Exceedingly weak peak, but it agrees with the other one...|1|n|n|n||simple|2015-03-02|5999.95783376|215.987702958|2015-03-03
121|0.0570872002|||dc|-28.17|HIP 25143|A3V|  A3V|IGRINS|20150302|6000|119.369|30|0.5|4.7347682589|Exceedingly weak peak, but it agrees with the other one...|1|n|n|n||simple|2015-03-02|5999.95783376|215.987702958|2015-03-03
122|0.0319237984|120.107731624|3.0289645332|simple|-28.17|HIP 25143|A3V|  A3V|IGRINS|20150302|6000|119.369|30|0.5|4.7347682589|Exceedingly weak peak, but it agrees with the other one...|1|n|n|n||simple|2015-03-02|5999.95783376|215.987702958|2015-03-03
123|0.4810396787|18.2001064349|0.0277049712|ml|-27.74|HIP 26126|A2V|  A2V|CHIRON|20140304|5800|17.923|5|-0.5|72.6937227935||1|n|Y|Y||simple|2014-03-04|5800.18907516|215.921246887|2014-03-04
124|0.4736470094|18.1897445996|0.0286450939|dc|-27.74|HIP 26126|A2V|  A2V|CHIRON|20140304|5800|17.923|5|-0.5|72.6937227935||1|n|Y|Y||simple|2014-03-04|5800.18907516|215.921246887|2014-03-04
125|0.4546710482|18.1747034267|0.0297885109|simple|-27.74|HIP 26126|A2V|  A2V|CHIRON|20140304|5800|17.923|5|-0.5|72.6937227935||1|n|Y|Y||simple|2014-03-04|5800.18907516|215.921246887|2014-03-04
126|0.4672585521|68.3144442346|0.0293311608|ml|24.06|HIP 26126|A2V|  A2V|CHIRON|20141017|5700|68.203|5|-0.5|68.444146609|RV change!|1|n|Y|Y||simple|2014-10-17|5700.22316003|215.973068424|2014-10-18
127|0.4588241465|68.297876538|0.0304630526|dc|24.06|HIP 26126|A2V|  A2V|CHIRON|20141017|5700|68.203|5|-0.5|68.444146609|RV change!|1|n|Y|Y||simple|2014-10-17|5700.22316003|215.973068424|2014-10-18
128|0.4354589753|68.2305911144|0.0319026224|simple|24.06|HIP 26126|A2V|  A2V|CHIRON|20141017|5700|68.203|5|-0.5|68.444146609|RV change!|1|n|Y|Y||simple|2014-10-17|5700.22316003|215.973068424|2014-10-18
129|0.1837055012|61.0075538237|0.1782539077|ml|24.25|HIP 26126|A2V|  A2V|IGRINS|20141015|6300|61.009|5|0|24.8940628126|Confirmed|1|n|Y|Y||simple|2014-10-15|6300.03742487|215.994713534|2014-10-16
130|0.1826200245|60.9904646992|0.1803116191|dc|24.25|HIP 26126|A2V|  A2V|IGRINS|20141015|6300|61.009|5|0|24.8940628126|Confirmed|1|n|Y|Y||simple|2014-10-15|6300.03742487|215.994713534|2014-10-16
131|0.1666507803|60.7105356884|0.1904510353|simple|24.25|HIP 26126|A2V|  A2V|IGRINS|20141015|6300|61.009|5|0|24.8940628126|Confirmed|1|n|Y|Y||simple|2014-10-15|6300.03742487|215.994713534|2014-10-16
132|0.4441540673|19.8689887432|0.0306625319|ml|-1.34|HIP 32607|A8VnkA6|  (A7IV + ?; ?)|CHIRON|20140307|5200|19.83|5|-0.5|48.9772035262|New temperature for known companion. |1|n|Y|n||simple|2014-03-07|5199.93190472|215.804958775|2014-03-08
133|0.4414279995|19.8723021007|0.0309783247|dc|-1.34|HIP 32607|A8VnkA6|  (A7IV + ?; ?)|CHIRON|20140307|5200|19.83|5|-0.5|48.9772035262|New temperature for known companion. |1|n|Y|n||simple|2014-03-07|5199.93190472|215.804958775|2014-03-08
134|0.4334903025|19.8949890246|0.0312796977|simple|-1.34|HIP 32607|A8VnkA6|  (A7IV + ?; ?)|CHIRON|20140307|5200|19.83|5|-0.5|48.9772035262|New temperature for known companion. |1|n|Y|n||simple|2014-03-07|5199.93190472|215.804958775|2014-03-08
135|0.3485404034|2.7254324682|0.0453644909|ml|1.82|HIP 32607|A8VnkA6|  (A7IV + ?; ?)|CHIRON|20150114|5200|2.357|5|-0.5|44.9033048995|New temperature for known companion. |1|n|Y|n||simple|2015-01-14|5200.58557417|215.883287347|2015-01-15
136|0.3460537982|2.7235635903|0.0458502154|dc|1.82|HIP 32607|A8VnkA6|  (A7IV + ?; ?)|CHIRON|20150114|5200|2.357|5|-0.5|44.9033048995|New temperature for known companion. |1|n|Y|n||simple|2015-01-14|5200.58557417|215.883287347|2015-01-15
137|0.3324495154|2.6973867838|0.0465817841|simple|1.82|HIP 32607|A8VnkA6|  (A7IV + ?; ?)|CHIRON|20150114|5200|2.357|5|-0.5|44.9033048995|New temperature for known companion. |1|n|Y|n||simple|2015-01-14|5200.58557417|215.883287347|2015-01-15
138|0.378103226|2.6573631691|0.0409537602|ml|1.84|HIP 32607|A8VnkA6|  (A7IV + ?; ?)|CHIRON|20150116|5300|2.478|5|-0.5|44.358618393|New temperature for known companion. |1|n|Y|n||simple|2015-01-16|5300.26958026|215.914002237|2015-01-17
139|0.3746505148|2.6448671994|0.0414919166|dc|1.84|HIP 32607|A8VnkA6|  (A7IV + ?; ?)|CHIRON|20150116|5300|2.478|5|-0.5|44.358618393|New temperature for known companion. |1|n|Y|n||simple|2015-01-16|5300.26958026|215.914002237|2015-01-17
140|0.3604120973|2.5847838509|0.0420206366|simple|1.84|HIP 32607|A8VnkA6|  (A7IV + ?; ?)|CHIRON|20150116|5300|2.478|5|-0.5|44.358618393|New temperature for known companion. |1|n|Y|n||simple|2015-01-16|5300.26958026|215.914002237|2015-01-17
141|0.2396236047|||ml|1.85|HIP 38538|A5IV|  (A3V + ?; 1.593y)|TS23|20140112|6900|-0.3|30|-0.5|13.649653486|There is a weird-looking peak, and a companion is detected in 2015ApJS..217...29B . |1|n|n|n||simple|2014-01-12|6866.62789457|215.973612043|2014-01-12
142|0.238624356|||dc|1.85|HIP 38538|A5IV|  (A3V + ?; 1.593y)|TS23|20140112|6900|-0.3|30|-0.5|13.649653486|There is a weird-looking peak, and a companion is detected in 2015ApJS..217...29B . |1|n|n|n||simple|2014-01-12|6866.62789457|215.973612043|2014-01-12
143|0.2270501556|0|10|simple|1.85|HIP 38538|A5IV|  (A3V + ?; 1.593y)|TS23|20140112|6900|-0.3|30|-0.5|13.649653486|There is a weird-looking peak, and a companion is detected in 2015ApJS..217...29B . |1|n|n|n||simple|2014-01-12|6866.62789457|215.973612043|2014-01-12
144|0.2409019964|16.5925765411|0.0547755213|ml|17.24|HIP 38593|B2V|  B2V|CHIRON|20131026|5600|16.441|5|-0.5|43.289561713|Confirmed. Try for RV change|2|n|n|n||simple|2013-10-26|5600.00176203|215.97601907|2013-10-27
145|0.2387523384|16.5951481577|0.0557409375|dc|17.24|HIP 38593|B2V|  B2V|CHIRON|20131026|5600|16.441|5|-0.5|43.289561713|Confirmed. Try for RV change|2|n|n|n||simple|2013-10-26|5600.00176203|215.97601907|2013-10-27
146|0.2135499046|16.5982991852|0.0611538636|simple|17.24|HIP 38593|B2V|  B2V|CHIRON|20131026|5600|16.441|5|-0.5|43.289561713|Confirmed. Try for RV change|2|n|n|n||simple|2013-10-26|5600.00176203|215.97601907|2013-10-27
147|0.2013241879|16.8229960809|0.0652848159|ml|17.46|HIP 38593|B2V|  B2V|CHIRON|20131102|5500|16.634|5|-0.5|38.7767933742||2|n|n|n||simple|2013-11-02|5500.22521388|215.967537784|2013-11-03
148|0.2005493025|16.8209622614|0.0657212959|dc|17.46|HIP 38593|B2V|  B2V|CHIRON|20131102|5500|16.634|5|-0.5|38.7767933742||2|n|n|n||simple|2013-11-02|5500.22521388|215.967537784|2013-11-03
149|0.1843959984|16.7973027709|0.0698921236|simple|17.46|HIP 38593|B2V|  B2V|CHIRON|20131102|5500|16.634|5|-0.5|38.7767933742||2|n|n|n||simple|2013-11-02|5500.22521388|215.967537784|2013-11-03
150|0.1108677211|35.7343427445|0.249268401|ml|14.32|HIP 38846|B2.5V|  (B2.5V + ?; ?)|CHIRON|20131104|6700|35.121|10|0|17.9921332306|Known companion? Try for follow-up|2|n|n|n||simple|2013-11-04|6699.953213|215.993211453|2013-11-05
151|0.110448494|35.7603964376|0.2511085178|dc|14.32|HIP 38846|B2.5V|  (B2.5V + ?; ?)|CHIRON|20131104|6700|35.121|10|0|17.9921332306|Known companion? Try for follow-up|2|n|n|n||simple|2013-11-04|6699.953213|215.993211453|2013-11-05
152|0.0861183136|35.6202148294|0.3075034297|simple|14.32|HIP 38846|B2.5V|  (B2.5V + ?; ?)|CHIRON|20131104|6700|35.121|10|0|17.9921332306|Known companion? Try for follow-up|2|n|n|n||simple|2013-11-04|6699.953213|215.993211453|2013-11-05
153|0.2404582062|18.9581893027|0.170016785|ml|-19.41|HIP 39847|A2V|  A2V|IGRINS|20150302|5800|18.561|10|-0.5|31.6630494741|Confirmed|1|n|n|Y||simple|2015-03-02|5799.60648495|215.988190181|2015-03-03
154|0.2380978131|18.9537920989|0.1733247294|dc|-19.41|HIP 39847|A2V|  A2V|IGRINS|20150302|5800|18.561|10|-0.5|31.6630494741|Confirmed|1|n|n|Y||simple|2015-03-02|5799.60648495|215.988190181|2015-03-03
155|0.2163871679|18.9492642953|0.1872660027|simple|-19.41|HIP 39847|A2V|  A2V|IGRINS|20150302|5800|18.561|10|-0.5|31.6630494741|Confirmed|1|n|n|Y||simple|2015-03-02|5799.60648495|215.988190181|2015-03-03
156|0.5240547106|-30.9760677339|0.0486264003|ml|-2.83|HIP 39847|A2V|  A2V|TS23|20140119|6000|-34.736|10|0|53.8398413847|Confirmed|1|n|n|Y||simple|2014-01-19|5999.93374582|215.909720913|2014-01-19
157|0.5067570451|-30.9677402841|0.0529205699|dc|-2.83|HIP 39847|A2V|  A2V|TS23|20140119|6000|-34.736|10|0|53.8398413847|Confirmed|1|n|n|Y||simple|2014-01-19|5999.93374582|215.909720913|2014-01-19
158|0.4816925116|-30.9419179601|0.0562142137|simple|-2.83|HIP 39847|A2V|  A2V|TS23|20140119|6000|-34.736|10|0|53.8398413847|Confirmed|1|n|n|Y||simple|2014-01-19|5999.93374582|215.909720913|2014-01-19
159|0.0717939487|||ml|29.79|HIP 40881|B9.5V|  B9.5V|IGRINS|20141016|4600|30.152|10|-0.5|8.7138190012|Needs follow-up. Nothing in addmode=ml|2|n|n|n||simple|2014-10-16|4600.17870069|215.953556865|2014-10-17
160|0.0716908708|||dc|29.79|HIP 40881|B9.5V|  B9.5V|IGRINS|20141016|4600|30.152|10|-0.5|8.7138190012|Needs follow-up. Nothing in addmode=ml|2|n|n|n||simple|2014-10-16|4600.17870069|215.953556865|2014-10-17
161|0.0552659852|29.2852047747|0.8135876894|simple|29.79|HIP 40881|B9.5V|  B9.5V|IGRINS|20141016|4600|30.152|10|-0.5|8.7138190012|Needs follow-up. Nothing in addmode=ml|2|n|n|n||simple|2014-10-16|4600.17870069|215.953556865|2014-10-17
162|0.1035595128|60.0589275386|0.2421507431|ml|8.14|HIP 42129|B3V+...|"  (5.25B3V + 8.90; .630"")"|CHIRON|20131106|5400|60.033|10|-0.5|20.9338199235|New temperature for known companion. |1|n|Y|n||simple|2013-11-06|5400.04417852|215.999601194|2013-11-07
163|0.1033169556|60.0588359055|0.2431937187|dc|8.14|HIP 42129|B3V+...|"  (5.25B3V + 8.90; .630"")"|CHIRON|20131106|5400|60.033|10|-0.5|20.9338199235|New temperature for known companion. |1|n|Y|n||simple|2013-11-06|5400.04417852|215.999601194|2013-11-07
164|0.082301055|60.2693536114|0.2736007337|simple|8.14|HIP 42129|B3V+...|"  (5.25B3V + 8.90; .630"")"|CHIRON|20131106|5400|60.033|10|-0.5|20.9338199235|New temperature for known companion. |1|n|Y|n||simple|2013-11-06|5400.04417852|215.999601194|2013-11-07
165|0.1119169355|29.6760277994|0.1390114351|ml|29.98|HIP 51362|B9.5V|  B9.5V|CHIRON|20131128|5200|29.405|5|-0.5|22.8643468104|Very convincing peak. WTF?|9|n|Y|Y||simple|2013-11-28|5200.05910713|215.951674084|2013-11-29
166|0.1117183822|29.6732882905|0.1393363399|dc|29.98|HIP 51362|B9.5V|  B9.5V|CHIRON|20131128|5200|29.405|5|-0.5|22.8643468104|Very convincing peak. WTF?|9|n|Y|Y||simple|2013-11-28|5200.05910713|215.951674084|2013-11-29
167|0.1026976461|29.6326326329|0.1414897027|simple|29.98|HIP 51362|B9.5V|  B9.5V|CHIRON|20131128|5200|29.405|5|-0.5|22.8643468104|Very convincing peak. WTF?|9|n|Y|Y||simple|2013-11-28|5200.05910713|215.951674084|2013-11-29
168|0.0573552411|||ml|14.02|HIP 52678|B6Vnn|  B6V|CHIRON|20140201|5300|15.833|10|-0.5|4.6773118524|Very weak peak, but at a similar temperature to the other observation|1|n|n|n||simple|2014-02-01|5300.10377038|215.990041692|2014-02-02
169|0.0572439404|||dc|14.02|HIP 52678|B6Vnn|  B6V|CHIRON|20140201|5300|15.833|10|-0.5|4.6773118524|Very weak peak, but at a similar temperature to the other observation|1|n|n|n||simple|2014-02-01|5300.10377038|215.990041692|2014-02-02
170|0.024946|16.3152762152|0.9339349711|simple|14.02|HIP 52678|B6Vnn|  B6V|CHIRON|20140201|5300|15.833|10|-0.5|4.6773118524|Very weak peak, but at a similar temperature to the other observation|1|n|n|n||simple|2014-02-01|5300.10377038|215.990041692|2014-02-02
171|0.0625217348|19.6672189886|0.5518913706|ml|4.83|HIP 52678|B6Vnn|  B6V|CHIRON|20140331|5100|18.952|10|-0.5|8.1390118889|Confirmed? |1|n|n|n||simple|2014-03-31|5100.01359221|216.015675541|2014-04-01
172|0.0623036757|19.6442759068|0.553511068|dc|4.83|HIP 52678|B6Vnn|  B6V|CHIRON|20140331|5100|18.952|10|-0.5|8.1390118889|Confirmed? |1|n|n|n||simple|2014-03-31|5100.01359221|216.015675541|2014-04-01
173|0.0417441192|18.561575744|0.6779687957|simple|4.83|HIP 52678|B6Vnn|  B6V|CHIRON|20140331|5100|18.952|10|-0.5|8.1390118889|Confirmed? |1|n|n|n||simple|2014-03-31|5100.01359221|216.015675541|2014-04-01
174|0.3854931011|38.2619934116|0.087364255|ml|18.96|HIP 55266|A2V|"  (4.80(5.4(A1V + A2V; 2.554d  e=.34) + 5.7A1V; 5.127y, e=.13) + 7.2F2V; 499"")"|TS23|20130107|8800|57.775|30|-0.5|61.7362438896|One of the known companions. Both this and the primary are visible in the primary ccfs, though pretty blended.|1|Y|n|Y||simple|2013-01-07|8700.03354508|141.421356237|2013-01-07
175|0.3756852691|38.2450155284|0.0925158895|dc|18.96|HIP 55266|A2V|"  (4.80(5.4(A1V + A2V; 2.554d  e=.34) + 5.7A1V; 5.127y, e=.13) + 7.2F2V; 499"")"|TS23|20130107|8800|57.775|30|-0.5|61.7362438896|One of the known companions. Both this and the primary are visible in the primary ccfs, though pretty blended.|1|Y|n|Y||simple|2013-01-07|8700.03354508|141.421356237|2013-01-07
176|0.3410620672|38.2294004984|0.1021614207|simple|18.96|HIP 55266|A2V|"  (4.80(5.4(A1V + A2V; 2.554d  e=.34) + 5.7A1V; 5.127y, e=.13) + 7.2F2V; 499"")"|TS23|20130107|8800|57.775|30|-0.5|61.7362438896|One of the known companions. Both this and the primary are visible in the primary ccfs, though pretty blended.|1|Y|n|Y||simple|2013-01-07|8700.03354508|141.421356237|2013-01-07
177|0.0678604527|11.2728180764|0.440833674|ml|14.7|HIP 63945|B5V|"  ((B5V + 10; 1.55"") + 11.5K0Ve; 11.4"")"|CHIRON|20130319|7200|11.041|10|-0.5|7.3898377947|Needs follow-up. Nothing seen in addmode=ml. Temperature is very uncertain. It could be closer to 5300 K!|3|n|Y|n||simple|2013-03-19|7125.04066199|221.682970289|2013-03-20
178|0.0677711085|11.274717242|0.441795883|dc|14.7|HIP 63945|B5V|"  ((B5V + 10; 1.55"") + 11.5K0Ve; 11.4"")"|CHIRON|20130319|7200|11.041|10|-0.5|7.3898377947|Needs follow-up. Nothing seen in addmode=ml. Temperature is very uncertain. It could be closer to 5300 K!|3|n|Y|n||simple|2013-03-19|7125.04066199|221.682970289|2013-03-20
179|0.0427562953|11.0271626598|0.5472328384|simple|14.7|HIP 63945|B5V|"  ((B5V + 10; 1.55"") + 11.5K0Ve; 11.4"")"|CHIRON|20130319|7200|11.041|10|-0.5|7.3898377947|Needs follow-up. Nothing seen in addmode=ml. Temperature is very uncertain. It could be closer to 5300 K!|3|n|Y|n||simple|2013-03-19|7125.04066199|221.682970289|2013-03-20
180|0.0586494839|||ml|4.38|HIP 72154|B9.5V|  B9.5V|HET|20130421|5100|-20.994|30|-0.5|8.9384359293|Needs follow-up. Nothing in addmode=ml.|3|n|Y|n||simple|2013-04-21|5100.04090174|216.00735423|2013-04-21
181|0.0586018871|||dc|4.38|HIP 72154|B9.5V|  B9.5V|HET|20130421|5100|-20.994|30|-0.5|8.9384359293|Needs follow-up. Nothing in addmode=ml.|3|n|Y|n||simple|2013-04-21|5100.04090174|216.00735423|2013-04-21
182|0.0424626568|-20.3903130317|1.2800293672|simple|4.38|HIP 72154|B9.5V|  B9.5V|HET|20130421|5100|-20.994|30|-0.5|8.9384359293|Needs follow-up. Nothing in addmode=ml.|3|n|Y|n||simple|2013-04-21|5100.04090174|216.00735423|2013-04-21
183|0.3712540613|76.2328744911|0.0361202906|ml|12.15|HIP 76267|A1IV|  (B9.5IV + G2V; 17.36d  e=.37)|CHIRON|20130328|5600|75.876|5|-0.5|62.3226751275|New temperature for known companion. |1|Y|Y|n||simple|2013-03-28|5599.86042112|215.957756302|2013-03-29
184|0.3665283879|76.2317809261|0.0369905947|dc|12.15|HIP 76267|A1IV|  (B9.5IV + G2V; 17.36d  e=.37)|CHIRON|20130328|5600|75.876|5|-0.5|62.3226751275|New temperature for known companion. |1|Y|Y|n||simple|2013-03-28|5599.86042112|215.957756302|2013-03-29
185|0.3435374101|76.2032998217|0.0390889423|simple|12.15|HIP 76267|A1IV|  (B9.5IV + G2V; 17.36d  e=.37)|CHIRON|20130328|5600|75.876|5|-0.5|62.3226751275|New temperature for known companion. |1|Y|Y|n||simple|2013-03-28|5599.86042112|215.957756302|2013-03-29
186|0.6119050155|-33.9129851804|0.0382243226|ml|11.63|HIP 77336|A3V|  (A3V + ?; ?)|HET|20130414|6300|-33.403|20|0|55.9243589747|Probably the unknown companion?|1|n|Y|n||simple|2013-04-14|6300.03981205|215.949312809|2013-04-14
187|0.5970248972|-33.9218552571|0.0410960764|dc|11.63|HIP 77336|A3V|  (A3V + ?; ?)|HET|20130414|6300|-33.403|20|0|55.9243589747|Probably the unknown companion?|1|n|Y|n||simple|2013-04-14|6300.03981205|215.949312809|2013-04-14
188|0.5802002899|-33.9008564424|0.0425571478|simple|11.63|HIP 77336|A3V|  (A3V + ?; ?)|HET|20130414|6300|-33.403|20|0|55.9243589747|Probably the unknown companion?|1|n|Y|n||simple|2013-04-14|6300.03981205|215.949312809|2013-04-14
189|0.2433782463|-37.9148610471|0.2161181917|ml|13.03|HIP 77336|A3V|  (A3V + ?; ?)|IGRINS|20150409|6600|-37.211|20|0|35.7059767983|Confirmed|1|n|Y|n||simple|2015-04-09|6599.91821581|215.998787294|2015-04-10
190|0.2407388441|-37.8853970783|0.2207693191|dc|13.03|HIP 77336|A3V|  (A3V + ?; ?)|IGRINS|20150409|6600|-37.211|20|0|35.7059767983|Confirmed|1|n|Y|n||simple|2015-04-09|6599.91821581|215.998787294|2015-04-10
191|0.218456976|-37.6938267329|0.2398937628|simple|13.03|HIP 77336|A3V|  (A3V + ?; ?)|IGRINS|20150409|6600|-37.211|20|0|35.7059767983|Confirmed|1|n|Y|n||simple|2015-04-09|6599.91821581|215.998787294|2015-04-10
192|0.4397258119|-4.495944576|0.0288854231|ml|21.38|HIP 77516|A0V|3.75A0V + 5.39;0.2”|CHIRON|20130328|7000|-5.113|5|0.5|53.8227076598|This might just be the primary star. It is a very slow rotator (revealed in primary ccfs)|1|n|n|n||simple|2013-03-28|6920.36883346|192.374721934|2013-03-29
193|0.4310321173|-4.5028907832|0.0303409252|dc|21.38|HIP 77516|A0V|3.75A0V + 5.39;0.2”|CHIRON|20130328|7000|-5.113|5|0.5|53.8227076598|This might just be the primary star. It is a very slow rotator (revealed in primary ccfs)|1|n|n|n||simple|2013-03-28|6920.36883346|192.374721934|2013-03-29
194|0.4066745324|-4.5405607582|0.0323538845|simple|21.38|HIP 77516|A0V|3.75A0V + 5.39;0.2”|CHIRON|20130328|7000|-5.113|5|0.5|53.8227076598|This might just be the primary star. It is a very slow rotator (revealed in primary ccfs)|1|n|n|n||simple|2013-03-28|6920.36883346|192.374721934|2013-03-29
195|0.0844121224|25.3427906506|0.1832757198|ml|24.51|HIP 78820|B1V|"  (2.59((B0.5V + B; 6.828d  e=.29) + 5.9; .5"") + 4.92(B2V + ?; .13""); 13.660"")"|CHIRON|20130328|5800|24.733|5|-0.5|14.3221903692|Good looking detection, but seems too low temperature...|9|n|n|n||simple|2013-03-28|5799.81174789|216.009253804|2013-03-29
196|0.0842131677|25.3437767512|0.1839194913|dc|24.51|HIP 78820|B1V|"  (2.59((B0.5V + B; 6.828d  e=.29) + 5.9; .5"") + 4.92(B2V + ?; .13""); 13.660"")"|CHIRON|20130328|5800|24.733|5|-0.5|14.3221903692|Good looking detection, but seems too low temperature...|9|n|n|n||simple|2013-03-28|5799.81174789|216.009253804|2013-03-29
197|0.0692910595|25.0769804454|0.1834144572|simple|24.51|HIP 78820|B1V|"  (2.59((B0.5V + B; 6.828d  e=.29) + 5.9; .5"") + 4.92(B2V + ?; .13""); 13.660"")"|CHIRON|20130328|5800|24.733|5|-0.5|14.3221903692|Good looking detection, but seems too low temperature...|9|n|n|n||simple|2013-03-28|5799.81174789|216.009253804|2013-03-29
198|0.0499316673|||ml|13.44|HIP 78821|B2V|"  (2.59((B0.5V + B; 6.828d  e=.29) + 5.9; .5"") + 4.92(B2V + ?; .13""); 13.660"")"|IGRINS|20150426|5000|-89.737|10|-0.5|6.6846032551|Needs follow-up. Nothing in addmode=ml|5|n|n|n||simple|2015-04-26|5000.04223877|215.995861878|2015-04-27
199|0.0498647632|||dc|13.44|HIP 78821|B2V|"  (2.59((B0.5V + B; 6.828d  e=.29) + 5.9; .5"") + 4.92(B2V + ?; .13""); 13.660"")"|IGRINS|20150426|5000|-89.737|10|-0.5|6.6846032551|Needs follow-up. Nothing in addmode=ml|5|n|n|n||simple|2015-04-26|5000.04223877|215.995861878|2015-04-27
200|0.0343121515|-89.7138729433|0.5452551391|simple|13.44|HIP 78821|B2V|"  (2.59((B0.5V + B; 6.828d  e=.29) + 5.9; .5"") + 4.92(B2V + ?; .13""); 13.660"")"|IGRINS|20150426|5000|-89.737|10|-0.5|6.6846032551|Needs follow-up. Nothing in addmode=ml|5|n|n|n||simple|2015-04-26|5000.04223877|215.995861878|2015-04-27
201|0.1170434758|-1.7502438678|0.1551734664|ml|27.83|HIP 79199|B8V|"  ((B8V + 10; 1.12"") + 13; 3.06"")"|CHIRON|20140317|4800|-1.411|5|-0.5|21.2327380135|New temperature for known companion. |1|n|Y|n||simple|2014-03-17|4800.04039469|215.962159033|2014-03-18
202|0.1168226224|-1.7505404681|0.1554605478|dc|27.83|HIP 79199|B8V|"  ((B8V + 10; 1.12"") + 13; 3.06"")"|CHIRON|20140317|4800|-1.411|5|-0.5|21.2327380135|New temperature for known companion. |1|n|Y|n||simple|2014-03-17|4800.04039469|215.962159033|2014-03-18
203|0.106402097|-1.827950737|0.1588420157|simple|27.83|HIP 79199|B8V|"  ((B8V + 10; 1.12"") + 13; 3.06"")"|CHIRON|20140317|4800|-1.411|5|-0.5|21.2327380135|New temperature for known companion. |1|n|Y|n||simple|2014-03-17|4800.04039469|215.962159033|2014-03-18
204|0.1247036727|151.630807798|0.2108897583|ml|12.15|HIP 79404|B2V|  (B2V + ?; 5.780d  e=.19)|CHIRON|20130502|5100|151.757|10|-0.5|25.2703464996|Great looking detection|1|n|Y|Y||simple|2013-05-02|5099.98323782|215.96132333|2013-05-03
205|0.1244160158|151.635006714|0.2114896651|dc|12.15|HIP 79404|B2V|  (B2V + ?; 5.780d  e=.19)|CHIRON|20130502|5100|151.757|10|-0.5|25.2703464996|Great looking detection|1|n|Y|Y||simple|2013-05-02|5099.98323782|215.96132333|2013-05-03
206|0.1083773445|151.952450373|0.2125875635|simple|12.15|HIP 79404|B2V|  (B2V + ?; 5.780d  e=.19)|CHIRON|20130502|5100|151.757|10|-0.5|25.2703464996|Great looking detection|1|n|Y|Y||simple|2013-05-02|5099.98323782|215.96132333|2013-05-03
207|0.133659691|132.761394783|0.1970793263|ml|29.45|HIP 79404|B2V|  (B2V + ?; 5.780d  e=.19)|CHIRON|20150308|4800|132.628|10|-0.5|19.3978119327|Confirmed|1|n|Y|Y||simple|2015-03-08|4800.18928608|215.930254239|2015-03-09
208|0.1333119348|132.752589385|0.1977135428|dc|29.45|HIP 79404|B2V|  (B2V + ?; 5.780d  e=.19)|CHIRON|20150308|4800|132.628|10|-0.5|19.3978119327|Confirmed|1|n|Y|Y||simple|2015-03-08|4800.18928608|215.930254239|2015-03-09
209|0.120219753|132.840663504|0.2079670214|simple|29.45|HIP 79404|B2V|  (B2V + ?; 5.780d  e=.19)|CHIRON|20150308|4800|132.628|10|-0.5|19.3978119327|Confirmed|1|n|Y|Y||simple|2015-03-08|4800.18928608|215.930254239|2015-03-09
210|0.2678285723|5.1448973376|0.1644329609|ml|8.87|HIP 80460|A5V|"  (A5V + ?; .13"")"|IGRINS|20150409|6400|5.104|10|0|34.0055004457|Known companion.|1|n|n|n||simple|2015-04-09|6399.99182763|215.95954799|2015-04-10
211|0.2642185091|5.1359107017|0.1690175072|dc|8.87|HIP 80460|A5V|"  (A5V + ?; .13"")"|IGRINS|20150409|6400|5.104|10|0|34.0055004457|Known companion.|1|n|n|n||simple|2015-04-09|6399.99182763|215.95954799|2015-04-10
212|0.2298874286|4.8125988744|0.1918903566|simple|8.87|HIP 80460|A5V|"  (A5V + ?; .13"")"|IGRINS|20150409|6400|5.104|10|0|34.0055004457|Known companion.|1|n|n|n||simple|2015-04-09|6399.99182763|215.95954799|2015-04-10
213|0.0593881503|-20.3147768845|0.2731903828|ml|13.79|HIP 82673|B8V|  B8V|CHIRON|20130427|4900|-20.273|5|0.5|12.3702047199|Detected in AO imaging! |1|Y|n|n||simple|2013-04-27|4899.92604286|216.002821463|2013-04-28
214|0.0592918655|-20.3170116291|0.2740166581|dc|13.79|HIP 82673|B8V|  B8V|CHIRON|20130427|4900|-20.273|5|0.5|12.3702047199|Detected in AO imaging! |1|Y|n|n||simple|2013-04-27|4899.92604286|216.002821463|2013-04-28
215|0.0431499528|-20.0054721545|0.3204349603|simple|13.79|HIP 82673|B8V|  B8V|CHIRON|20130427|4900|-20.273|5|0.5|12.3702047199|Detected in AO imaging! |1|Y|n|n||simple|2013-04-27|4899.92604286|216.002821463|2013-04-28
216|0.0751313865|-19.6931349619|0.2111332115|ml|-21.2|HIP 82673|B8V|  B8V|CHIRON|20140801|4800|-19.911|5|0.5|15.4805942937|Detected in AO imaging! |1|Y|n|n||simple|2014-08-01|4800.13758407|215.998113618|2014-08-02
217|0.075058449|-19.690491588|0.2113788816|dc|-21.2|HIP 82673|B8V|  B8V|CHIRON|20140801|4800|-19.911|5|0.5|15.4805942937|Detected in AO imaging! |1|Y|n|n||simple|2014-08-01|4800.13758407|215.998113618|2014-08-02
218|0.0657758448|-19.7192637922|0.218085267|simple|-21.2|HIP 82673|B8V|  B8V|CHIRON|20140801|4800|-19.911|5|0.5|15.4805942937|Detected in AO imaging! |1|Y|n|n||simple|2014-08-01|4800.13758407|215.998113618|2014-08-02
219|0.327377759|-23.0148623599|0.1166096563|ml|-11.69|HIP 84606|A2V|"  (4.66A2V + 8.68; .840"")"|IGRINS|20141014|5500|-23.67|10|-0.5|45.1905879269|New temperature for known companion. |1|n|n|n||simple|2014-10-14|5499.97158891|215.959113042|2014-10-15
220|0.3222398027|-23.0377693333|0.1207382469|dc|-11.69|HIP 84606|A2V|"  (4.66A2V + 8.68; .840"")"|IGRINS|20141014|5500|-23.67|10|-0.5|45.1905879269|New temperature for known companion. |1|n|n|n||simple|2014-10-14|5499.97158891|215.959113042|2014-10-15
221|0.2935310194|-23.0908319255|0.1328298829|simple|-11.69|HIP 84606|A2V|"  (4.66A2V + 8.68; .840"")"|IGRINS|20141014|5500|-23.67|10|-0.5|45.1905879269|New temperature for known companion. |1|n|n|n||simple|2014-10-14|5499.97158891|215.959113042|2014-10-15
222|0.2076274813|152.164895178|0.1451997136|ml|7.17|HIP 85379|A4V|  A4V|HET|20130416|7600|152.764|20|0|24.2422481333|Needs follow-up. Nothing in addmode=ml. Might just be the primary star|2|n|n|n||simple|2013-04-16|7599.97390793|199.992833186|2013-04-16
223|0.2060942811|152.177398192|0.1470616549|dc|7.17|HIP 85379|A4V|  A4V|HET|20130416|7600|152.764|20|0|24.2422481333|Needs follow-up. Nothing in addmode=ml. Might just be the primary star|2|n|n|n||simple|2013-04-16|7599.97390793|199.992833186|2013-04-16
224|0.1841994959|152.257996873|0.15807191|simple|7.17|HIP 85379|A4V|  A4V|HET|20130416|7600|152.764|20|0|24.2422481333|Needs follow-up. Nothing in addmode=ml. Might just be the primary star|2|n|n|n||simple|2013-04-16|7599.97390793|199.992833186|2013-04-16
225|0.3029568494|-14.1051188557|0.0287707444|ml|18.79|HIP 85998|A2V|"  (A2V + 7.8A8IV; 41.2"")"|HET|20130425|5600|-13.988|1|-0.5|65.9798714719|Probably just the primary. It is very low vsini|2|n|n|n||simple|2013-04-25|5600.00312628|215.940330029|2013-04-25
226|0.3013228373|-14.106223664|0.0291065622|dc|18.79|HIP 85998|A2V|"  (A2V + 7.8A8IV; 41.2"")"|HET|20130425|5600|-13.988|1|-0.5|65.9798714719|Probably just the primary. It is very low vsini|2|n|n|n||simple|2013-04-25|5600.00312628|215.940330029|2013-04-25
227|0.2912435753|-14.0942270739|0.0297631521|simple|18.79|HIP 85998|A2V|"  (A2V + 7.8A8IV; 41.2"")"|HET|20130425|5600|-13.988|1|-0.5|65.9798714719|Probably just the primary. It is very low vsini|2|n|n|n||simple|2013-04-25|5600.00312628|215.940330029|2013-04-25
228|0.2004474784|-14.3752221837|0.0478658992|ml|24.68|HIP 85998|A2V|"  (A2V + 7.8A8IV; 41.2"")"|CHIRON|20150225|5600|-14.942|5|0|52.6480237999|Probably just the primary. It is very low vsini|2|n|n|n||simple|2015-02-25|5600.23785605|215.975964823|2015-02-26
229|0.1999546609|-14.3804215312|0.0480522067|dc|24.68|HIP 85998|A2V|"  (A2V + 7.8A8IV; 41.2"")"|CHIRON|20150225|5600|-14.942|5|0|52.6480237999|Probably just the primary. It is very low vsini|2|n|n|n||simple|2015-02-25|5600.23785605|215.975964823|2015-02-26
230|0.1924078112|-14.4534600963|0.0490837431|simple|24.68|HIP 85998|A2V|"  (A2V + 7.8A8IV; 41.2"")"|CHIRON|20150225|5600|-14.942|5|0|52.6480237999|Probably just the primary. It is very low vsini|2|n|n|n||simple|2015-02-25|5600.23785605|215.975964823|2015-02-26
231|0.1379187838|-14.8515867527|0.1340747938|ml|-16.2|HIP 85998|A2V|"  (A2V + 7.8A8IV; 41.2"")"|IGRINS|20150727|5500|-14.734|5|-0.5|25.3071915217||2|n|n|n||simple|2015-07-27|5499.92616096|215.988472238|2015-07-27
232|0.1374283164|-14.8481236598|0.1349021372|dc|-16.2|HIP 85998|A2V|"  (A2V + 7.8A8IV; 41.2"")"|IGRINS|20150727|5500|-14.734|5|-0.5|25.3071915217||2|n|n|n||simple|2015-07-27|5499.92616096|215.988472238|2015-07-27
233|0.1210284766|-14.8162373619|0.1512503479|simple|-16.2|HIP 85998|A2V|"  (A2V + 7.8A8IV; 41.2"")"|IGRINS|20150727|5500|-14.734|5|-0.5|25.3071915217||2|n|n|n||simple|2015-07-27|5499.92616096|215.988472238|2015-07-27
234|0.150825623|-31.5639658078|0.0980409797|ml|-11.46|HIP 88116|A0|  (B9V + ?; ?)|CHIRON|20130714|5200|-31.903|5|0|29.3982520533|How did the RV change this much, but it was detected in NIRI?|1|n|n|Y||simple|2013-07-14|5200.07128548|215.932535186|2013-07-15
235|0.1505284411|-31.5678206318|0.0982598326|dc|-11.46|HIP 88116|A0|  (B9V + ?; ?)|CHIRON|20130714|5200|-31.903|5|0|29.3982520533|How did the RV change this much, but it was detected in NIRI?|1|n|n|Y||simple|2013-07-14|5200.07128548|215.932535186|2013-07-15
236|0.1420456247|-31.6307609965|0.0999279792|simple|-11.46|HIP 88116|A0|  (B9V + ?; ?)|CHIRON|20130714|5200|-31.903|5|0|29.3982520533|How did the RV change this much, but it was detected in NIRI?|1|n|n|Y||simple|2013-07-14|5200.07128548|215.932535186|2013-07-15
237|0.1231530332|-0.8335776263|0.1187009972|ml|-20.51|HIP 88116|A0|  (B9V + ?; ?)|CHIRON|20140806|5700|-1.187|5|0|23.0135808568|Confirmed|1|n|n|Y||simple|2014-08-06|5699.94374405|216.012531026|2014-08-07
238|0.1229450379|-0.8316170107|0.1189804302|dc|-20.51|HIP 88116|A0|  (B9V + ?; ?)|CHIRON|20140806|5700|-1.187|5|0|23.0135808568|Confirmed|1|n|n|Y||simple|2014-08-06|5699.94374405|216.012531026|2014-08-07
239|0.1143362775|-0.8220144804|0.1196013234|simple|-20.51|HIP 88116|A0|  (B9V + ?; ?)|CHIRON|20140806|5700|-1.187|5|0|23.0135808568|Confirmed|1|n|n|Y||simple|2014-08-06|5699.94374405|216.012531026|2014-08-07
240|0.6676697721|-14.306607512|0.0400409742|ml|18.17|HIP 88818|A3V|"  (5.84(A3V + ?; 15.83y  e=.94) + 5.95A3V; 14.250"")"|HET|20130415|5500|-14.088|20|-0.5|51.8649729226|15 year companion? Can it move that fast?|1|n|n|n||simple|2013-04-15|5499.92969391|215.92844603|2013-04-15
241|0.6553502568|-14.2666341883|0.042424717|dc|18.17|HIP 88818|A3V|"  (5.84(A3V + ?; 15.83y  e=.94) + 5.95A3V; 14.250"")"|HET|20130415|5500|-14.088|20|-0.5|51.8649729226|15 year companion? Can it move that fast?|1|n|n|n||simple|2013-04-15|5499.92969391|215.92844603|2013-04-15
242|0.6407140556|-14.203421937|0.0437288027|simple|18.17|HIP 88818|A3V|"  (5.84(A3V + ?; 15.83y  e=.94) + 5.95A3V; 14.250"")"|HET|20130415|5500|-14.088|20|-0.5|51.8649729226|15 year companion? Can it move that fast?|1|n|n|n||simple|2013-04-15|5499.92969391|215.92844603|2013-04-15
243|0.2993307883|-14.7966245761|0.2408044406|ml|18.55|HIP 88818|A3V|"  (5.84(A3V + ?; 15.83y  e=.94) + 5.95A3V; 14.250"")"|IGRINS|20150409|5400|-14.743|30|-0.5|25.7965371749|Confirmed. Best [Fe/H] actually -0.5, but 0.0 is good too. Temperature changes!|1|n|n|n||simple|2015-04-09|5399.87985457|215.991142409|2015-04-10
244|0.2943050585|-14.708142057|0.2489760653|dc|18.55|HIP 88818|A3V|"  (5.84(A3V + ?; 15.83y  e=.94) + 5.95A3V; 14.250"")"|IGRINS|20150409|5400|-14.743|30|-0.5|25.7965371749|Confirmed. Best [Fe/H] actually -0.5, but 0.0 is good too. Temperature changes!|1|n|n|n||simple|2015-04-09|5399.87985457|215.991142409|2015-04-10
245|0.2570429898|-14.4103408967|0.2864914829|simple|18.55|HIP 88818|A3V|"  (5.84(A3V + ?; 15.83y  e=.94) + 5.95A3V; 14.250"")"|IGRINS|20150409|5400|-14.743|30|-0.5|25.7965371749|Confirmed. Best [Fe/H] actually -0.5, but 0.0 is good too. Temperature changes!|1|n|n|n||simple|2015-04-09|5399.87985457|215.991142409|2015-04-10
246|0.4317775832|-14.1357417867|0.1542645264|ml|-9.77|HIP 88818|A3V|"  (5.84(A3V + ?; 15.83y  e=.94) + 5.95A3V; 14.250"")"|IGRINS|20150727|5200|-14.113|30|-0.5|27.5522461352|Confirmed|1|n|n|n||simple|2015-07-27|5200.18905785|215.831620239|2015-07-27
247|0.4179630364|-14.1030692602|0.1674005863|dc|-9.77|HIP 88818|A3V|"  (5.84(A3V + ?; 15.83y  e=.94) + 5.95A3V; 14.250"")"|IGRINS|20150727|5200|-14.113|30|-0.5|27.5522461352|Confirmed|1|n|n|n||simple|2015-07-27|5200.18905785|215.831620239|2015-07-27
248|0.3801134661|-13.9376847615|0.1853742936|simple|-9.77|HIP 88818|A3V|"  (5.84(A3V + ?; 15.83y  e=.94) + 5.95A3V; 14.250"")"|IGRINS|20150727|5200|-14.113|30|-0.5|27.5522461352|Confirmed|1|n|n|n||simple|2015-07-27|5200.18905785|215.831620239|2015-07-27
249|0.1133608135|-27.5706969669|0.6611202171|ml|18.5|HIP 88817|A3V|"  (5.84(A3V + ?; 15.83y  e=.94) + 5.95A3V; 14.250"")"|IGRINS|20150409|3700|-26.628|20|0|13.5293219886|Needs follow-up|3|n|n|n||simple|2015-04-09|3699.85219917|215.855960336|2015-04-10
250|0.1130746361|-27.5067452297|0.6625540037|dc|18.5|HIP 88817|A3V|"  (5.84(A3V + ?; 15.83y  e=.94) + 5.95A3V; 14.250"")"|IGRINS|20150409|3700|-26.628|20|0|13.5293219886|Needs follow-up|3|n|n|n||simple|2015-04-09|3699.85219917|215.855960336|2015-04-10
251|0.1010437071|-25.6178215854|0.6328666245|simple|18.5|HIP 88817|A3V|"  (5.84(A3V + ?; 15.83y  e=.94) + 5.95A3V; 14.250"")"|IGRINS|20150409|3700|-26.628|20|0|13.5293219886|Needs follow-up|3|n|n|n||simple|2015-04-09|3699.85219917|215.855960336|2015-04-10
252|0.2231382187|-21.1799773046|0.162306066|ml|-22.2|HIP 91118|A0Vn|"  (A0Vn + ?; .15"")"|IGRINS|20141014|6500|-22.041|10|-0.5|32.4513306852|Really flat CCF vs. Temperature. Uncertain measurement!|1|n|n|n||simple|2014-10-14|6500.02294232|215.992895|2014-10-15
253|0.2212555081|-21.164938889|0.1648318296|dc|-22.2|HIP 91118|A0Vn|"  (A0Vn + ?; .15"")"|IGRINS|20141014|6500|-22.041|10|-0.5|32.4513306852|Really flat CCF vs. Temperature. Uncertain measurement!|1|n|n|n||simple|2014-10-14|6500.02294232|215.992895|2014-10-15
254|0.1974146351|-21.1270290573|0.1815282159|simple|-22.2|HIP 91118|A0Vn|"  (A0Vn + ?; .15"")"|IGRINS|20141014|6500|-22.041|10|-0.5|32.4513306852|Really flat CCF vs. Temperature. Uncertain measurement!|1|n|n|n||simple|2014-10-14|6500.02294232|215.992895|2014-10-15
255|0.1306081474|-63.3929504362|0.2611757922|ml|-2.36|HIP 93805|B9Vn|  B9Vn|IGRINS|20140714|4000|-63.842|5|-0.5|14.671739365|Confirmed|1|n|Y|Y||simple|2014-07-14|4000.0599082|215.812473914|2014-07-14
256|0.1298693224|-63.3925617061|0.2642343952|dc|-2.36|HIP 93805|B9Vn|  B9Vn|IGRINS|20140714|4000|-63.842|5|-0.5|14.671739365|Confirmed|1|n|Y|Y||simple|2014-07-14|4000.0599082|215.812473914|2014-07-14
257|0.1016385348|-63.6652497091|0.309536322|simple|-2.36|HIP 93805|B9Vn|  B9Vn|IGRINS|20140714|4000|-63.842|5|-0.5|14.671739365|Confirmed|1|n|Y|Y||simple|2014-07-14|4000.0599082|215.812473914|2014-07-14
258|0.1301547686|-52.0536866236|0.32162849|ml|26.82|HIP 93805|B9Vn|  B9Vn|IGRINS|20150426|4200|-51.112|10|-0.5|20.1486888484|Confirmed|1|n|Y|Y||simple|2015-04-26|4200.28426341|215.887603785|2015-04-27
259|0.1298381546|-52.0583907385|0.3230481967|dc|26.82|HIP 93805|B9Vn|  B9Vn|IGRINS|20150426|4200|-51.112|10|-0.5|20.1486888484|Confirmed|1|n|Y|Y||simple|2015-04-26|4200.28426341|215.887603785|2015-04-27
260|0.1143161663|-52.3895262155|0.3513050246|simple|26.82|HIP 93805|B9Vn|  B9Vn|IGRINS|20150426|4200|-51.112|10|-0.5|20.1486888484|Confirmed|1|n|Y|Y||simple|2015-04-26|4200.28426341|215.887603785|2015-04-27
261|0.3159288735|0.7965870388|0.1786843776|ml|3.96|HIP 100221|B9V|  (B9V + ?; 5.298d  e=.04)|IGRINS|20150727|5300|1.678|20|-0.5|26.3987422826|Confirmed? This one looks nice and the other one just looks... weird|2|n|n|n||simple|2015-07-27|5299.83651741|215.929516026|2015-07-27
262|0.3082214006|0.782041421|0.1885717153|dc|3.96|HIP 100221|B9V|  (B9V + ?; 5.298d  e=.04)|IGRINS|20150727|5300|1.678|20|-0.5|26.3987422826|Confirmed? This one looks nice and the other one just looks... weird|2|n|n|n||simple|2015-07-27|5299.83651741|215.929516026|2015-07-27
263|0.2671002022|0.5809679726|0.2149909882|simple|3.96|HIP 100221|B9V|  (B9V + ?; 5.298d  e=.04)|IGRINS|20150727|5300|1.678|20|-0.5|26.3987422826|Confirmed? This one looks nice and the other one just looks... weird|2|n|n|n||simple|2015-07-27|5299.83651741|215.929516026|2015-07-27
264|0.2186680736|4.2901256488|0.173791506|ml|-14.54|HIP 100907|A3V|  (A3V + ?; ?)|IGRINS|20141015|5400|4.012|10|0|29.6573071615|New temperature for known companion. |1|n|n|n||simple|2014-10-15|5399.84172905|215.9793195|2014-10-16
265|0.21564084|4.315418528|0.1786573526|dc|-14.54|HIP 100907|A3V|  (A3V + ?; ?)|IGRINS|20141015|5400|4.012|10|0|29.6573071615|New temperature for known companion. |1|n|n|n||simple|2014-10-15|5399.84172905|215.9793195|2014-10-16
266|0.1881944183|4.4074915405|0.198074944|simple|-14.54|HIP 100907|A3V|  (A3V + ?; ?)|IGRINS|20141015|5400|4.012|10|0|29.6573071615|New temperature for known companion. |1|n|n|n||simple|2014-10-15|5399.84172905|215.9793195|2014-10-16
267|0.3285432555|4.3269538486|0.1053974041|ml|6.29|HIP 100907|A3V|  (A3V + ?; ?)|IGRINS|20150727|5100|3.793|10|-0.5|35.1041095486|Confirmed|1|n|n|n||simple|2015-07-27|5100.07458758|215.873866967|2015-07-27
268|0.3221385885|4.3192139443|0.1099851134|dc|6.29|HIP 100907|A3V|  (A3V + ?; ?)|IGRINS|20150727|5100|3.793|10|-0.5|35.1041095486|Confirmed|1|n|n|n||simple|2015-07-27|5100.07458758|215.873866967|2015-07-27
269|0.2919079615|4.2790352441|0.121250161|simple|6.29|HIP 100907|A3V|  (A3V + ?; ?)|IGRINS|20150727|5100|3.793|10|-0.5|35.1041095486|Confirmed|1|n|n|n||simple|2015-07-27|5100.07458758|215.873866967|2015-07-27
270|0.3118102463|9.1486928255|0.0455600744|ml|26.09|HIP 103298|A5V|  A4V|CHIRON|20150512|4700|9.146|5|-0.5|50.0252321492|Confirmed|1|n|n|Y||simple|2015-05-12|4699.9891251|215.776352646|2015-05-13
271|0.30979919|9.1495785409|0.046051117|dc|26.09|HIP 103298|A5V|  A4V|CHIRON|20150512|4700|9.146|5|-0.5|50.0252321492|Confirmed|1|n|n|Y||simple|2015-05-12|4699.9891251|215.776352646|2015-05-13
272|0.300344372|9.1187175697|0.0464665443|simple|26.09|HIP 103298|A5V|  A4V|CHIRON|20150512|4700|9.146|5|-0.5|50.0252321492|Confirmed|1|n|n|Y||simple|2015-05-12|4699.9891251|215.776352646|2015-05-13
273|0.288753659|9.5647061203|0.1044909463|ml|-23.3|HIP 103298|A5V|  A4V|IGRINS|20141015|4700|9.413|5|-0.5|37.9860148408|Confirmed|1|n|n|Y||simple|2014-10-15|4700.62903215|215.681532994|2014-10-16
274|0.2842220654|9.5577090649|0.1079530554|dc|-23.3|HIP 103298|A5V|  A4V|IGRINS|20141015|4700|9.413|5|-0.5|37.9860148408|Confirmed|1|n|n|Y||simple|2014-10-15|4700.62903215|215.681532994|2014-10-16
275|0.2553463556|9.5022825513|0.1188979501|simple|-23.3|HIP 103298|A5V|  A4V|IGRINS|20141015|4700|9.413|5|-0.5|37.9860148408|Confirmed|1|n|n|Y||simple|2014-10-15|4700.62903215|215.681532994|2014-10-16
276|0.3223016759|8.6783418777|0.0983859791|ml|7.55|HIP 103298|A5V|  A4V|IGRINS|20150727|4700|9.153|5|-0.5|40.0085506129|Confirmed|1|n|n|Y||simple|2015-07-27|4700.66374346|215.590954182|2015-07-27
277|0.3170901576|8.7061695513|0.1015646498|dc|7.55|HIP 103298|A5V|  A4V|IGRINS|20150727|4700|9.153|5|-0.5|40.0085506129|Confirmed|1|n|n|Y||simple|2015-07-27|4700.66374346|215.590954182|2015-07-27
278|0.2937523707|8.8122984312|0.1088237129|simple|7.55|HIP 103298|A5V|  A4V|IGRINS|20150727|4700|9.153|5|-0.5|40.0085506129|Confirmed|1|n|n|Y||simple|2015-07-27|4700.66374346|215.590954182|2015-07-27
279|0.4868932729|31.5466633117|0.054440462|ml|28.6|HIP 109139|B8V|  B9IV-V|CHIRON|20130603|6000|31.359|20|-0.5|58.085930225||1|n|Y|Y||simple|2013-06-03|6000.16014237|215.958998325|2013-06-04
280|0.4708535553|31.6345519937|0.0593935457|dc|28.6|HIP 109139|B8V|  B9IV-V|CHIRON|20130603|6000|31.359|20|-0.5|58.085930225||1|n|Y|Y||simple|2013-06-03|6000.16014237|215.958998325|2013-06-04
281|0.438562044|31.7221032964|0.0648253293|simple|28.6|HIP 109139|B8V|  B9IV-V|CHIRON|20130603|6000|31.359|20|-0.5|58.085930225||1|n|Y|Y||simple|2013-06-03|6000.16014237|215.958998325|2013-06-04
282|0.3753287822|-16.3011035641|0.081177845|ml|0.66|HIP 109139|B8V|  B9IV-V|CHIRON|20130819|5700|-16.57|10|0|56.7779016358|Confirmed|1|n|Y|Y||simple|2013-08-19|5700.63930935|215.943563345|2013-08-20
283|0.3688444898|-16.2966967502|0.0842695606|dc|0.66|HIP 109139|B8V|  B9IV-V|CHIRON|20130819|5700|-16.57|10|0|56.7779016358|Confirmed|1|n|Y|Y||simple|2013-08-19|5700.63930935|215.943563345|2013-08-20
284|0.3446512328|-16.2581471312|0.0894726439|simple|0.66|HIP 109139|B8V|  B9IV-V|CHIRON|20130819|5700|-16.57|10|0|56.7779016358|Confirmed|1|n|Y|Y||simple|2013-08-19|5700.63930935|215.943563345|2013-08-20
285|0.3030271445|-3.6069720375|0.1281289067|ml|-5.25|HIP 109521|A5V|"  ((A5V + ?; ?) + 9.5K0; 73.7"")"|IGRINS|20141014|4600|-5.091|10|0|38.098967978|Confirmed|1|n|n|Y|Observed with sphere, still under proprietary period.|simple|2014-10-14|4599.91202685|215.69781047|2014-10-15
286|0.298484884|-3.5953517767|0.1319267937|dc|-5.25|HIP 109521|A5V|"  ((A5V + ?; ?) + 9.5K0; 73.7"")"|IGRINS|20141014|4600|-5.091|10|0|38.098967978|Confirmed|1|n|n|Y|Observed with sphere, still under proprietary period.|simple|2014-10-14|4599.91202685|215.69781047|2014-10-15
287|0.2654014862|-3.5312284438|0.1453129088|simple|-5.25|HIP 109521|A5V|"  ((A5V + ?; ?) + 9.5K0; 73.7"")"|IGRINS|20141014|4600|-5.091|10|0|38.098967978|Confirmed|1|n|n|Y|Observed with sphere, still under proprietary period.|simple|2014-10-14|4599.91202685|215.69781047|2014-10-15
288|0.2770807002|-3.8528977957|0.1028157006|ml|-6.86|HIP 109521|A5V|"  ((A5V + ?; ?) + 9.5K0; 73.7"")"|TS23|20131021|4600|-11.703|10|0|31.9267903119|Only believable because of the other epochs...|1|n|n|Y||simple|2013-10-21|4600.23290489|215.768614379|2013-10-21
289|0.2710372303|-3.865389878|0.1076189238|dc|-6.86|HIP 109521|A5V|"  ((A5V + ?; ?) + 9.5K0; 73.7"")"|TS23|20131021|4600|-11.703|10|0|31.9267903119|Only believable because of the other epochs...|1|n|n|Y||simple|2013-10-21|4600.23290489|215.768614379|2013-10-21
290|0.2248434626|-4.0581883842|0.1303743553|simple|-6.86|HIP 109521|A5V|"  ((A5V + ?; ?) + 9.5K0; 73.7"")"|TS23|20131021|4600|-11.703|10|0|31.9267903119|Only believable because of the other epochs...|1|n|n|Y||simple|2013-10-21|4600.23290489|215.768614379|2013-10-21
291|0.2808298579|-2.1984987816|0.1003520639|ml|-9.72|HIP 109521|A5V|"  ((A5V + ?; ?) + 9.5K0; 73.7"")"|TS23|20141101|4600|-12.848|10|0|26.4894015682|RV change!|1|n|n|Y||simple|2014-11-01|4599.98553271|215.729577621|2014-11-01
292|0.2742967778|-2.1863410241|0.1055191158|dc|-9.72|HIP 109521|A5V|"  ((A5V + ?; ?) + 9.5K0; 73.7"")"|TS23|20141101|4600|-12.848|10|0|26.4894015682|RV change!|1|n|n|Y||simple|2014-11-01|4599.98553271|215.729577621|2014-11-01
293|0.2243085919|-1.968095595|0.1272289573|simple|-9.72|HIP 109521|A5V|"  ((A5V + ?; ?) + 9.5K0; 73.7"")"|TS23|20141101|4600|-12.848|10|0|26.4894015682|RV change!|1|n|n|Y||simple|2014-11-01|4599.98553271|215.729577621|2014-11-01
294|0.3004424557|4.7905208396|0.0517920131|ml|28.25|HIP 115115|A0V|"  (A0V + 11.2; 1.5"")"|CHIRON|20140519|5200|3.833|5|-0.5|55.6058659521|Might be the known companion. Confirmed|1|n|n|n||simple|2014-05-19|5199.55739985|215.930979654|2014-05-20
295|0.2987689247|4.7804823702|0.0522955785|dc|28.25|HIP 115115|A0V|"  (A0V + 11.2; 1.5"")"|CHIRON|20140519|5200|3.833|5|-0.5|55.6058659521|Might be the known companion. Confirmed|1|n|n|n||simple|2014-05-19|5199.55739985|215.930979654|2014-05-20
296|0.2861058296|4.7016694652|0.0541925814|simple|28.25|HIP 115115|A0V|"  (A0V + 11.2; 1.5"")"|CHIRON|20140519|5200|3.833|5|-0.5|55.6058659521|Might be the known companion. Confirmed|1|n|n|n||simple|2014-05-19|5199.55739985|215.930979654|2014-05-20
297|0.1907420694|2.538513758|0.087775836|ml|28.36|HIP 115115|A0V|"  (A0V + 11.2; 1.5"")"|CHIRON|20150520|4900|2.533|5|-0.5|37.6326775999|Confirmed|1|n|n|n||simple|2015-05-20|4900.11991651|215.89786817|2015-05-21
298|0.1901460604|2.5380010008|0.0881685514|dc|28.36|HIP 115115|A0V|"  (A0V + 11.2; 1.5"")"|CHIRON|20150520|4900|2.533|5|-0.5|37.6326775999|Confirmed|1|n|n|n||simple|2015-05-20|4900.11991651|215.89786817|2015-05-21
299|0.1795555826|2.4831987865|0.0904682418|simple|28.36|HIP 115115|A0V|"  (A0V + 11.2; 1.5"")"|CHIRON|20150520|4900|2.533|5|-0.5|37.6326775999|Confirmed|1|n|n|n||simple|2015-05-20|4900.11991651|215.89786817|2015-05-21
300|0.282865704|-43.5633630139|0.1371339725|ml|-25.08|HIP 115115|A0V|"  (A0V + 11.2; 1.5"")"|IGRINS|20150727|5100|-43.226|10|0|25.4161352456|Confirmed|1|n|n|n||simple|2015-07-27|5099.90842218|215.999515135|2015-07-27
301|0.2770119468|-43.5114316677|0.1437179676|dc|-25.08|HIP 115115|A0V|"  (A0V + 11.2; 1.5"")"|IGRINS|20150727|5100|-43.226|10|0|25.4161352456|Confirmed|1|n|n|n||simple|2015-07-27|5099.90842218|215.999515135|2015-07-27
302|0.2396283729|-43.1171245696|0.1637249555|simple|-25.08|HIP 115115|A0V|"  (A0V + 11.2; 1.5"")"|IGRINS|20150727|5100|-43.226|10|0|25.4161352456|Confirmed|1|n|n|n||simple|2015-07-27|5099.90842218|215.999515135|2015-07-27
