,star,date,HJD,corrected_rv,rv_meas_err_fixed,instrument
0,HD 23479,2014-10-17,2456947.86974,17.5312144158,10.0933914945,IGRINS
1,HD 23489,2014-10-17,2456947.88763,-2.4360214373,10.076478634,IGRINS
2,HD 23567,2014-10-18,2456948.79106,17.6422610984,10.0049490593,IGRINS
3,HD 23629,2014-10-18,2456948.81836,-8.5145299924,10.0865863632,IGRINS
4,HD 23643,2014-10-18,2456948.83116,1.7415301878,10.0749669378,IGRINS
5,HD 23733,2014-10-18,2456948.842,12.2235043427,10.00994645,IGRINS
6,HD 23791,2014-10-18,2456948.87926,20.5962986114,10.0083758847,IGRINS
7,HD 23863,2014-10-18,2456948.89518,11.1731199255,10.0614417807,IGRINS
8,HD 23872,2014-10-18,2456948.90996,-1.4489423297,10.0674337127,IGRINS
9,HD 23886,2014-10-18,2456948.92712,7.7690629966,10.0741575463,IGRINS
10,HD 23924,2014-10-18,2456948.93581,15.9466705465,10.0053524487,IGRINS
994,HIP 100069,2013-04-27,2456409.91341,-4.98043797,3.0308798718,HRS
999,HIP 100221,2013-08-19,2456523.78705,-28.3322462032,3.013507994,HRS
11,HIP 100221,2015-07-27,2457230.72294,-3.5509114592,10.0397487984,IGRINS
362,HIP 100881,2013-08-07,2456511.69331,-27.4326093368,3.0015239653,CHIRON
12,HIP 100907,2014-10-16,2456946.57153,0.3798501721,10.0394940341,IGRINS
13,HIP 100907,2015-07-27,2457230.67163,12.7062381302,10.0217630464,IGRINS
14,HIP 101123,2014-10-15,2456945.69911,-14.2980865491,10.0246899632,IGRINS
365,HIP 101589,2013-06-05,2456448.83449,-30.167528565,3.0013179422,CHIRON
732,HIP 101716,2013-10-17,2456582.60165,-24.2210872861,3.1851509321,TS23
366,HIP 101867,2013-07-16,2456489.78056,-20.019994529,3.0002724909,CHIRON
15,HIP 101909,2014-10-15,2456945.60495,-3.4677802034,10.1433762011,IGRINS
19,HIP 101909,2015-07-27,2457230.69051,-5.4444689708,10.0683191188,IGRINS
23,HIP 102487,2014-07-09,2456847.79855,-1.6915013588,10.0371722202,IGRINS
367,HIP 10320,2013-08-28,2456532.79909,21.3240511551,3.0231516905,CHIRON
24,HIP 103298,2014-10-16,2456946.5815,12.5583336749,10.0379954971,IGRINS
368,HIP 103298,2015-05-13,2457155.92654,11.0575868391,3.0026543233,CHIRON
26,HIP 103298,2015-07-27,2457230.70268,22.5500840696,10.0231951057,IGRINS
370,HIP 104019,2013-07-01,2456474.90789,24.0179865734,3.0007114119,CHIRON
28,HIP 104105,2014-10-15,2456945.68835,-22.6604672858,10.0475915541,IGRINS
371,HIP 104139,2013-06-05,2456448.89943,-4.9007139356,3.0028780733,CHIRON
29,HIP 104365,2014-07-09,2456847.80881,-43.1049617475,10.0583298125,IGRINS
35,HIP 104365,2015-08-03,2457237.82404,-11.6050358873,10.0293491998,IGRINS
372,HIP 105140,2013-07-12,2456485.91011,-9.9173964727,3.0019775863,CHIRON
1000,HIP 105282,2013-08-18,2456522.65078,-21.7552648654,3.0035150452,HRS
41,HIP 105891,2014-10-16,2456946.59475,-31.9491290169,10.1011944981,IGRINS
1001,HIP 105942,2013-08-19,2456523.87254,-15.7480505773,3.0070309645,HRS
733,HIP 105966,2013-10-20,2456585.64338,-6.152409064,3.0022122467,TS23
1002,HIP 105972,2013-08-03,2456507.81626,-4.5116980492,3.0343961904,HRS
734,HIP 10670,2013-11-22,2456618.68516,7.729442913,3.0349686965,TS23
737,HIP 106711,2013-10-19,2456584.60542,-1.7629986433,3.0242474324,TS23
738,HIP 106711,2013-11-22,2456618.52674,-2.5036666044,3.0221786543,TS23
373,HIP 106786,2014-05-17,2456794.80594,-20.8091050845,3.0024952933,CHIRON
42,HIP 106786,2014-10-15,2456945.63743,-10.6618465428,10.0163918137,IGRINS
739,HIP 106786,2014-11-01,2456962.58857,-20.0887982422,3.0090188992,TS23
44,HIP 10732,2014-10-15,2456945.8232,-1.9041735038,10.0330261532,IGRINS
45,HIP 10732,2015-03-02,2457083.55507,7.0083412572,10.0507156281,IGRINS
375,HIP 107517,2014-08-04,2456873.74444,-0.6814648675,3.0053213842,CHIRON
376,HIP 107608,2014-05-11,2456788.83717,8.5143817723,3.0065646939,CHIRON
378,HIP 108294,2014-05-13,2456790.81246,20.1840635768,3.0048775872,CHIRON
46,HIP 108339,2014-10-15,2456945.64662,0.9464189641,10.0277063001,IGRINS
47,HIP 109056,2014-10-15,2456945.65647,-34.2774917018,10.0452269815,IGRINS
48,HIP 109056,2014-10-16,2456946.65435,-41.1644809596,10.0768758652,IGRINS
49,HIP 109056,2014-10-17,2456947.56874,-28.0800547697,10.0827064772,IGRINS
50,HIP 109056,2014-10-18,2456948.56269,-23.1050665274,10.0538255889,IGRINS
379,HIP 109139,2013-06-04,2456447.91381,-29.5499717895,3.0133400486,CHIRON
380,HIP 109139,2013-08-20,2456524.6719,-14.5817849129,3.0141124578,CHIRON
741,HIP 109521,2013-10-21,2456586.58285,-10.3329742407,3.0086238907,TS23
51,HIP 109521,2014-10-15,2456945.67533,-3.6662130265,10.0241704694,IGRINS
745,HIP 109521,2014-11-01,2456962.60667,-11.4480411781,3.0086799898,TS23
55,HIP 109831,2014-10-15,2456945.66595,-24.4919341677,10.0425348034,IGRINS
56,HIP 109831,2015-08-03,2457237.77251,-12.4113175766,10.0234413672,IGRINS
57,HIP 109831,2015-09-23,2457288.73137,-51.0881665247,10.0404456064,IGRINS
381,HIP 110838,2013-09-08,2456543.82045,-1.0167717335,3.0233254234,CHIRON
383,HIP 110838,2014-08-11,2456880.76837,-8.5841168335,3.0184176727,CHIRON
385,HIP 110935,2014-08-27,2456896.67387,-16.0334599236,3.004956921,CHIRON
58,HIP 111056,2014-10-15,2456945.76104,5.9375935791,10.0247622699,IGRINS
59,HIP 111056,2015-09-23,2457288.79555,5.40801219,10.0258758861,IGRINS
1003,HIP 111068,2013-08-08,2456512.73569,-22.7433274694,3.0079265957,HRS
749,HIP 111169,2013-10-20,2456585.62135,-13.4709322495,3.0091891522,TS23
750,HIP 111841,2013-10-18,2456583.68262,-11.575684641,3.0144492676,TS23
386,HIP 112029,2013-07-14,2456487.85699,3.4492101576,3.0059838051,CHIRON
390,HIP 112029,2014-08-23,2456892.74835,4.0909121926,3.0149072978,CHIRON
394,HIP 11345,2014-08-25,2456894.903,-7.3977563672,3.0079298218,CHIRON
752,HIP 113788,2013-10-21,2456586.6352,4.1350017562,3.0184504027,TS23
755,HIP 114520,2013-10-22,2456587.64181,16.5864993454,3.0451172309,TS23
396,HIP 114822,2014-08-15,2456884.68427,15.9423748247,3.0024038335,CHIRON
397,HIP 114822,2014-08-17,2456886.68408,13.2808933529,3.0023971564,CHIRON
398,HIP 115115,2014-05-20,2456797.86969,-4.0027030241,3.00479267,CHIRON
400,HIP 115115,2015-05-21,2457163.90166,-4.3135312568,3.0069875995,CHIRON
60,HIP 115115,2015-07-27,2457230.95364,-49.7168549502,10.0590272829,IGRINS
402,HIP 116247,2013-06-20,2456463.89431,13.3908007243,3.0102038552,CHIRON
62,HIP 116247,2015-08-03,2457237.93687,10.460641419,10.0198845621,IGRINS
1004,HIP 116582,2013-08-06,2456510.76992,-22.5087984445,3.0240051726,HRS
63,HIP 116611,2014-10-16,2456946.60908,3.9344334628,10.0488956736,IGRINS
756,HIP 116631,2013-10-18,2456583.71555,3.6338834583,3.0032496842,TS23
67,HIP 116631,2014-10-16,2456946.78098,16.6303083931,10.0166513902,IGRINS
757,HIP 116631,2014-11-01,2456962.6386,-2.8163163357,3.0035076403,TS23
68,HIP 116631,2015-09-23,2457288.80318,15.8793025294,10.0096914831,IGRINS
758,HIP 116805,2013-08-24,2456528.84317,-17.6400781383,3.0528120878,TS23
403,HIP 116971,2013-07-14,2456487.88433,-3.3117106798,3.0051566857,CHIRON
761,HIP 116971,2013-08-23,2456527.85646,-1.5893406654,3.0212816732,TS23
404,HIP 116971,2013-09-20,2456555.56752,-2.322107595,3.0063471317,CHIRON
405,HIP 116971,2014-07-31,2456869.76853,2.5060854207,3.1460712637,CHIRON
406,HIP 116971,2014-10-06,2456936.73362,-1.3841912748,3.0056152885,CHIRON
407,HIP 117089,2013-08-09,2456513.86447,8.0494548286,3.0591031282,CHIRON
69,HIP 117089,2015-08-03,2457237.9481,14.7338277579,10.0296503726,IGRINS
70,HIP 117089,2015-09-23,2457288.81155,-6.8907725223,10.0522010228,IGRINS
762,HIP 117371,2013-10-21,2456586.67546,5.7211358227,3.0120904449,TS23
408,HIP 117452,2013-06-26,2456469.90173,7.9980763303,3.0378875369,CHIRON
411,HIP 118121,2014-05-18,2456795.86439,7.1005220827,3.0045996209,CHIRON
763,HIP 118243,2013-10-18,2456583.74069,-9.8436592709,3.0513590934,TS23
71,HIP 118243,2014-10-15,2456945.73018,-23.8745057908,10.100887196,IGRINS
414,HIP 1191,2013-09-17,2456552.60211,17.8654620834,3.0051612166,CHIRON
766,HIP 12332,2014-01-20,2456677.53808,0.9643114001,3.005756939,TS23
74,HIP 12332,2014-10-17,2456947.78871,11.2481858351,10.0168254558,IGRINS
767,HIP 12706,2013-10-19,2456584.86904,-7.9813380842,3.0329906061,TS23
75,HIP 12706,2014-10-16,2456946.83985,-10.8931544478,10.0323835066,IGRINS
769,HIP 12719,2013-10-18,2456583.87955,9.7976817673,3.0149145815,TS23
770,HIP 12803,2014-01-19,2456676.53562,17.2459750797,3.0283955423,TS23
77,HIP 12803,2014-10-17,2456947.79962,7.194272428,10.0581311386,IGRINS
78,HIP 12803,2015-08-06,2457240.94837,12.3531966603,10.0462015313,IGRINS
1006,HIP 13165,2013-08-14,2456518.90834,29.9831864881,3.0028942737,HRS
415,HIP 13202,2014-09-10,2456910.82894,22.1975807235,3.0085218921,CHIRON
771,HIP 13209,2013-11-22,2456618.66514,-3.823234348,3.046121104,TS23
779,HIP 13327,2014-01-13,2456670.53893,9.1052828923,3.0190444901,TS23
780,HIP 1366,2013-10-20,2456585.732,-4.861644596,3.0040661325,TS23
416,HIP 13717,2014-09-17,2456917.82952,-15.5507249675,3.0092381605,CHIRON
417,HIP 13717,2014-11-09,2456970.75968,-16.2631143873,3.00911476,CHIRON
781,HIP 13879,2013-11-22,2456618.70748,14.8586548211,3.0166413316,TS23
782,HIP 13879,2014-01-24,2456681.68556,15.6436621915,3.0496833614,TS23
79,HIP 13879,2014-10-15,2456945.79422,22.8142202837,10.0141079433,IGRINS
1012,HIP 14043,2013-08-19,2456523.91935,7.1485137982,3.0101722168,HRS
1013,HIP 14143,2013-08-14,2456518.93862,14.9493900296,3.0025494831,HRS
418,HIP 14293,2014-09-19,2456919.88968,12.3371676059,3.0060407348,CHIRON
783,HIP 14576,2013-10-17,2456582.92805,22.9365484386,3.0054258531,TS23
805,HIP 14576,2013-10-18,2456583.8381,-50.5171077296,3.0072088399,TS23
827,HIP 14764,2014-01-22,2456679.536,11.2552020497,3.0433759618,TS23
80,HIP 14764,2014-10-16,2456946.80379,-9.5898153241,10.0737186902,IGRINS
81,HIP 14862,2014-10-15,2456945.86457,7.9136966216,10.0231374456,IGRINS
82,HIP 14862,2015-03-03,2457084.60298,12.2371921005,10.0438787981,IGRINS
83,HIP 15110,2014-10-16,2456946.82972,4.9257490973,10.027196071,IGRINS
1014,HIP 15338,2013-08-19,2456523.89523,-3.8835607098,3.0585483828,HRS
1015,HIP 15404,2013-08-13,2456517.92109,1.0176060363,3.0115281079,HRS
828,HIP 15444,2013-10-17,2456582.94099,0.892437269,3.1656806698,TS23
829,HIP 16147,2013-01-07,2456299.59045,-4.4861415248,3.0039347659,TS23
831,HIP 16210,2014-01-19,2456676.58145,-32.7005795089,3.8358642819,TS23
84,HIP 16210,2014-10-15,2456945.84362,-403.92946846,10.7065388898,IGRINS
832,HIP 16244,2013-10-18,2456583.84353,-3.5215660149,3.0289053285,TS23
85,HIP 16244,2014-10-15,2456945.83394,-0.3030964559,10.0551772464,IGRINS
419,HIP 16285,2014-10-03,2456933.8471,0.3136192148,3.0074169363,CHIRON
420,HIP 16322,2014-10-14,2456944.7235,1.4687308724,3.0173360107,CHIRON
86,HIP 16322,2014-10-16,2456946.81956,2.4570288159,10.0421750517,IGRINS
833,HIP 16340,2014-01-21,2456678.53962,2.1517286872,3.1358567731,TS23
421,HIP 1647,2013-08-06,2456510.73922,-2.2641072069,3.0118558263,CHIRON
87,HIP 16599,2014-10-15,2456945.85374,-10.1652776625,10.0313620027,IGRINS
422,HIP 16611,2013-08-18,2456522.88359,-117.143720778,3.0129199031,CHIRON
88,HIP 16611,2014-10-16,2456946.8494,12.9068315579,10.0566818747,IGRINS
423,HIP 17457,2013-08-27,2456531.82361,14.9373731275,3.0123265692,CHIRON
1016,HIP 17527,2013-08-13,2456517.93475,3.4506454225,3.0292322454,HRS
89,HIP 17527,2014-10-17,2456947.81504,3.4651409754,10.0918774655,IGRINS
834,HIP 17527,2014-11-02,2456963.91825,4.1776371085,3.094937368,TS23
91,HIP 17531,2014-10-17,2456947.82568,10.7129210731,10.0403824037,IGRINS
424,HIP 17563,2013-09-03,2456538.82518,14.282901168,3.0084141538,CHIRON
92,HIP 17579,2014-10-17,2456947.84978,-13.1304447411,10.0751259006,IGRINS
93,HIP 17588,2014-10-17,2456947.86037,-7.7547548542,10.0832802559,IGRINS
94,HIP 17608,2014-10-17,2456947.87792,7.8479672034,10.0530690358,IGRINS
95,HIP 17664,2014-10-17,2456947.89489,-19.4798781137,10.1561434616,IGRINS
96,HIP 17692,2014-10-18,2456948.80093,-3.7444950312,10.0649848449,IGRINS
97,HIP 17776,2014-10-18,2456948.85326,9.7586637413,10.3530936426,IGRINS
98,HIP 17791,2014-10-18,2456948.86692,-5.3875456758,10.0612520065,IGRINS
99,HIP 17851,2014-10-18,2456948.88622,7.7932436293,10.0607820803,IGRINS
100,HIP 17862,2014-10-18,2456948.91741,-3.0971636533,10.0714285822,IGRINS
101,HIP 17999,2014-10-18,2456948.9429,21.6216208569,10.0214997689,IGRINS
836,HIP 18141,2014-01-21,2456678.59668,13.4425580869,3.01162528,TS23
1018,HIP 18396,2013-08-12,2456516.93919,-2.8935906129,3.0656299152,HRS
837,HIP 18724,2013-01-07,2456299.62482,75.0859653396,3.0389401497,TS23
426,HIP 18788,2013-08-31,2456535.80747,15.6586998453,3.0055204872,CHIRON
839,HIP 18805,2013-10-20,2456585.78757,22.8196435758,3.0861799053,TS23
842,HIP 19799,2014-01-11,2456668.63162,41.3603036829,3.4571986251,TS23
102,HIP 19949,2014-10-15,2456945.89801,-2.2271786826,10.0222505146,IGRINS
103,HIP 19949,2015-03-03,2457084.62658,28.9150930261,10.6495745684,IGRINS
843,HIP 19968,2014-01-19,2456676.62046,7.5333102644,3.0999304198,TS23
427,HIP 20264,2014-03-02,2456718.52572,23.2201486306,3.0039269934,CHIRON
104,HIP 20380,2014-10-15,2456945.88731,0.8005611246,10.0201764901,IGRINS
105,HIP 20380,2015-03-03,2457084.66501,14.1446942873,10.3580994314,IGRINS
1019,HIP 20430,2013-08-16,2456520.95449,14.9827657453,3.0755573985,HRS
428,HIP 20507,2014-03-02,2456719.50028,-7.8062704319,3.0052071091,CHIRON
106,HIP 20542,2014-10-17,2456947.93591,49.8156000709,10.0052770182,IGRINS
1027,HIP 20579,2013-08-13,2456517.95584,5.7894840182,3.0501978375,HRS
107,HIP 20648,2014-10-17,2456947.94573,47.3171183221,10.0142878082,IGRINS
108,HIP 20711,2014-10-17,2456947.92509,46.4115587225,10.048943876,IGRINS
844,HIP 20789,2013-10-21,2456586.83396,15.9321468003,3.014037344,TS23
109,HIP 20789,2014-10-16,2456946.85886,-5.6129345318,10.1288460747,IGRINS
110,HIP 21029,2014-10-18,2456948.95211,47.9193792589,10.0076189961,IGRINS
111,HIP 21589,2014-10-18,2456948.95711,51.3005878755,10.0150316305,IGRINS
845,HIP 21589,2014-11-01,2456962.94968,48.3670692056,3.0025063431,TS23
429,HIP 21589,2015-02-12,2457065.63421,47.2838931935,3.0008501375,CHIRON
114,HIP 21670,2014-10-18,2456948.96228,53.4312712206,10.0044341316,IGRINS
115,HIP 21683,2014-10-18,2456948.97649,54.095506638,10.0424858009,IGRINS
848,HIP 21683,2014-11-01,2456962.97755,39.903105796,3.006951475,TS23
849,HIP 21819,2014-01-22,2456679.63989,27.2696852721,3.0069263397,TS23
851,HIP 21928,2014-01-20,2456677.63321,7.6437986294,3.0137023963,TS23
116,HIP 22028,2014-10-17,2456947.90416,14.2594658804,10.0424328012,IGRINS
852,HIP 22509,2014-01-10,2456667.62411,30.6670663377,3.0475470404,TS23
432,HIP 22509,2015-04-14,2457126.50281,25.6676806579,3.0145485454,CHIRON
853,HIP 22833,2014-01-22,2456679.60457,-1.7387827592,3.0108547501,TS23
117,HIP 22833,2014-10-16,2456946.86841,-2.9310872598,10.0243562389,IGRINS
854,HIP 22840,2014-01-21,2456678.64506,4.6619349845,3.0223717391,TS23
433,HIP 22913,2013-10-20,2456585.74601,17.0619880361,3.0027574971,CHIRON
434,HIP 22958,2013-09-16,2456551.79413,19.763103776,3.0040856647,CHIRON
437,HIP 22958,2014-10-13,2456943.77232,19.706745864,3.00490211,CHIRON
440,HIP 23362,2013-09-13,2456548.87212,20.2432685402,3.0887384386,CHIRON
118,HIP 23362,2014-10-16,2456946.93487,16.2515181798,10.0626282052,IGRINS
119,HIP 23375,2014-10-17,2456947.83916,22.6501177103,10.0372591265,IGRINS
120,HIP 23629,2014-10-18,2456948.80888,5.4286772753,10.1397481084,IGRINS
441,HIP 2381,2014-08-05,2456874.71352,-0.0760943264,3.0026831783,CHIRON
442,HIP 23916,2013-09-20,2456555.82273,327.470059764,9.9585912322,CHIRON
121,HIP 23916,2014-10-16,2456946.94562,20.9372927218,10.0820087032,IGRINS
445,HIP 24244,2013-09-19,2456554.91134,17.2627811279,3.0165124136,CHIRON
447,HIP 24244,2014-10-19,2456949.83902,13.4237027577,3.0111973067,CHIRON
449,HIP 24327,2013-08-25,2456529.87873,18.9154793449,3.0057705575,CHIRON
450,HIP 24505,2015-01-14,2457036.69173,29.5545155045,3.0051647203,CHIRON
124,HIP 24902,2014-10-16,2456946.8775,23.2496852753,10.0370651595,IGRINS
855,HIP 25048,2013-01-07,2456299.69732,6.9012390806,3.0042743492,TS23
857,HIP 2505,2013-10-21,2456586.71522,-15.1707170769,3.2085119373,TS23
125,HIP 2505,2014-10-15,2456945.70935,-14.72322591,10.0372109816,IGRINS
858,HIP 2505,2014-11-01,2456962.71209,-5.9405325926,3.185291168,TS23
126,HIP 25143,2014-10-16,2456946.89319,-12.8732775125,10.0330982296,IGRINS
127,HIP 25143,2015-03-03,2457084.64529,-3.6754444044,10.048603356,IGRINS
128,HIP 25280,2014-10-17,2456947.91474,17.695982612,10.0643945611,IGRINS
451,HIP 25280,2014-10-20,2456950.7518,20.9213414225,3.0033428531,CHIRON
859,HIP 25281,2013-01-07,2456299.71503,-20.077430403,3.0210279013,TS23
1028,HIP 2548,2013-08-12,2456516.83986,2.8608927977,3.0230007897,HRS
129,HIP 2548,2015-08-06,2457240.93289,10.6422157881,10.0929021177,IGRINS
865,HIP 25555,2014-01-13,2456670.63581,20.8892192999,3.0415412154,TS23
452,HIP 25608,2014-03-02,2456718.62166,34.2914556546,3.0033396378,CHIRON
866,HIP 25695,2014-01-12,2456669.65393,13.7004143144,3.0102515222,TS23
133,HIP 25790,2014-10-16,2456946.90329,-11.112255991,10.0338159681,IGRINS
453,HIP 25813,2013-09-09,2456544.8799,15.7420724502,3.0199278552,CHIRON
134,HIP 25813,2015-03-02,2457083.58366,1.6468472804,10.1976464612,IGRINS
454,HIP 26063,2013-10-17,2456582.80097,81.6713806642,3.0095720421,CHIRON
870,HIP 26093,2014-01-19,2456676.66539,18.8581775184,3.0208618693,TS23
135,HIP 26093,2014-10-16,2456946.91345,-11.8450887396,10.1449769917,IGRINS
136,HIP 26093,2015-03-03,2457084.72002,33.9398392728,10.3078371743,IGRINS
456,HIP 26126,2014-03-04,2456721.50063,17.2993273561,3.0092032648,CHIRON
137,HIP 26126,2014-10-16,2456946.95576,-20.5275866244,10.0542467998,IGRINS
457,HIP 26126,2014-10-18,2456948.81407,-16.2833190814,3.00686896,CHIRON
871,HIP 26563,2014-01-20,2456677.68708,-3.3424196279,3.0121226296,TS23
458,HIP 27100,2014-02-04,2456692.58785,-9.7804142768,3.0049690977,CHIRON
459,HIP 27100,2014-03-11,2456727.53903,-9.9117185422,3.004993817,CHIRON
460,HIP 27321,2014-02-08,2456696.62456,19.1591808104,3.0015971328,CHIRON
138,HIP 27713,2014-10-16,2456946.96643,35.8175419106,10.0480375734,IGRINS
872,HIP 28691,2013-01-06,2456298.78383,3.7066298968,3.0374810301,TS23
461,HIP 28756,2013-10-06,2456571.74159,98.8951736014,3.0029909237,CHIRON
462,HIP 28910,2014-02-05,2456693.61195,29.6504590197,3.0074177376,CHIRON
876,HIP 2912,2013-10-18,2456583.78412,-11.2910195494,3.0150222581,TS23
139,HIP 2912,2015-08-04,2457238.95631,7.3011249208,10.0522534343,IGRINS
463,HIP 29150,2014-02-09,2456697.63726,27.967522151,3.013913307,CHIRON
143,HIP 29151,2014-10-16,2456946.98734,32.3570736649,10.0268747706,IGRINS
464,HIP 29151,2014-10-23,2456953.82527,14.927156134,3.0321307775,CHIRON
467,HIP 29735,2013-09-24,2456559.79646,28.0802425783,3.0606172946,CHIRON
146,HIP 29735,2014-10-16,2456946.97699,34.530050148,10.0751211073,IGRINS
880,HIP 29997,2014-01-22,2456679.69918,-3.457354316,3.0218619744,TS23
468,HIP 30069,2013-10-08,2456573.74624,23.9754694516,3.0652738087,CHIRON
469,HIP 30073,2013-10-16,2456581.82604,-16.5592454199,3.0069346548,CHIRON
147,HIP 30666,2014-10-16,2456946.99845,15.3439579681,10.054793236,IGRINS
470,HIP 30788,2013-10-09,2456574.74703,35.2469557303,3.0108328855,CHIRON
881,HIP 31278,2014-01-11,2456668.72003,26.9150215003,3.0836647666,TS23
148,HIP 31278,2014-10-16,2456947.00995,-6.0372877642,10.0987426564,IGRINS
149,HIP 31278,2015-03-03,2457084.69483,26.411366781,10.0738523619,IGRINS
471,HIP 31362,2013-11-02,2456598.71656,23.3331140802,3.072966423,CHIRON
882,HIP 31434,2014-01-19,2456676.71691,5.257522423,3.0370857033,TS23
472,HIP 32474,2013-10-27,2456592.74634,15.0464182848,3.0074271948,CHIRON
473,HIP 32607,2014-03-08,2456724.56505,12.5194056968,3.0064584872,CHIRON
474,HIP 32607,2015-01-15,2457037.75084,20.2455356445,3.0111190585,CHIRON
475,HIP 32607,2015-01-17,2457039.62158,21.4388224065,3.0104126326,CHIRON
883,HIP 3300,2013-01-07,2456299.55446,-28.7912776058,3.0246017068,TS23
884,HIP 33372,2014-01-21,2456678.72329,8.8942822621,3.0497797584,TS23
150,HIP 33372,2014-10-17,2456948.00484,0.9515352312,10.0932363035,IGRINS
476,HIP 33575,2013-11-03,2456599.72614,48.5315884047,3.0024802563,CHIRON
885,HIP 34769,2014-01-20,2456677.7529,15.7231958269,3.0126685107,TS23
886,HIP 3478,2014-01-12,2456669.53022,-63.855768758,3.0275728837,TS23
151,HIP 3478,2014-10-15,2456945.7188,-75.1972273851,10.0588552833,IGRINS
887,HIP 3478,2014-11-02,2456963.63543,-61.9085492566,3.0537279354,TS23
152,HIP 3478,2015-09-23,2457288.81878,-50.9100935288,10.0602692263,IGRINS
478,HIP 35180,2014-02-08,2456696.76572,8.11888161,3.007973056,CHIRON
888,HIP 35341,2014-01-23,2456680.75234,0.9866833598,3.0186287893,TS23
889,HIP 36393,2014-01-13,2456670.76982,40.8593518645,3.0085588229,TS23
890,HIP 36393,2014-01-19,2456676.76401,40.741873471,3.0082079244,TS23
891,HIP 36760,2014-01-11,2456668.79869,20.2503902736,3.045334054,TS23
479,HIP 36760,2015-01-15,2457037.76269,17.7299662562,3.0107516909,CHIRON
480,HIP 36760,2015-01-17,2457039.68624,17.5493576515,3.0102164423,CHIRON
153,HIP 36760,2015-03-03,2457084.7399,25.9270368732,10.0271912276,IGRINS
154,HIP 36812,2014-10-17,2456947.99395,14.6165937482,10.0536204249,IGRINS
481,HIP 36917,2013-10-18,2456583.81206,-12.9104531913,3.0126490534,CHIRON
484,HIP 36917,2014-11-10,2456971.82718,-11.9171336924,3.010123399,CHIRON
487,HIP 37297,2013-10-09,2456574.81428,25.5019575699,3.0049890988,CHIRON
488,HIP 37297,2014-02-10,2456698.73968,23.4569742404,3.0047203421,CHIRON
489,HIP 37297,2014-03-13,2456729.53579,23.0896260601,3.0047647075,CHIRON
490,HIP 37322,2014-11-14,2456975.793,16.636350307,3.0500050897,CHIRON
491,HIP 3741,2015-06-01,2457174.89157,18.9483990262,3.0014583379,CHIRON
492,HIP 3741,2015-06-02,2457175.89314,19.0922919931,3.0024090105,CHIRON
493,HIP 37450,2013-11-04,2456600.74498,-62.2360563529,3.011324127,CHIRON
892,HIP 38538,2014-01-12,2456669.78902,5.152119335,3.0211459856,TS23
494,HIP 38593,2013-10-27,2456592.86469,23.0879781487,3.0025610912,CHIRON
495,HIP 38593,2013-11-03,2456599.82477,24.9845934819,3.0020163613,CHIRON
496,HIP 38593,2015-01-17,2457039.70163,22.9844006264,3.0036065764,CHIRON
893,HIP 3881,2013-10-20,2456585.70312,-29.7142892138,3.0123820949,TS23
156,HIP 3881,2014-10-15,2456945.73982,-44.120641862,10.063876448,IGRINS
894,HIP 3881,2014-11-03,2456964.60469,-28.4572395729,3.0140985738,TS23
497,HIP 38846,2013-11-05,2456601.76291,95.9690467327,3.0170844965,CHIRON
498,HIP 39095,2014-02-23,2456711.62203,-12.56980905,3.0066761815,CHIRON
499,HIP 39095,2014-04-10,2456757.56333,-12.2367517599,3.0055107755,CHIRON
500,HIP 39095,2014-04-18,2456765.52647,-11.5243595837,3.0063575079,CHIRON
895,HIP 39236,2014-01-22,2456679.74004,-12.9660813929,3.0182673692,TS23
896,HIP 39567,2014-01-11,2456668.81031,17.0010348731,3.0087946374,TS23
897,HIP 39847,2014-01-19,2456676.80356,19.0436445072,3.0275365569,TS23
157,HIP 39847,2015-03-03,2457084.67969,7.0804470839,10.0360187021,IGRINS
501,HIP 39906,2013-10-15,2456580.86148,26.2997458603,3.0177266284,CHIRON
502,HIP 40429,2014-02-03,2456691.72007,-12.8443086621,3.0036228077,CHIRON
503,HIP 40706,2013-02-04,2456327.64325,5.5900979978,3.0013074384,CHIRON
160,HIP 40881,2014-10-17,2456947.96682,22.1272156691,10.0446825461,IGRINS
504,HIP 41039,2013-02-07,2456330.7715,-2.6489023021,3.0051171268,CHIRON
505,HIP 41039,2015-01-17,2457039.729,8.8801424104,3.0041536568,CHIRON
900,HIP 41307,2014-01-10,2456667.82755,5.2501718583,3.0149022894,TS23
161,HIP 42090,2015-04-12,2457124.62233,34.909578185,10.0247434947,IGRINS
506,HIP 42129,2013-11-07,2456603.80215,9.8427569995,3.0175879598,CHIRON
903,HIP 42313,2014-01-24,2456681.81114,5.6922768056,3.0266068235,TS23
507,HIP 42334,2014-02-24,2456712.63977,23.5812884352,3.0115726463,CHIRON
905,HIP 43142,2014-01-13,2456670.79704,0.7257197458,3.0116433277,TS23
906,HIP 44127,2014-01-20,2456677.88593,10.7307106288,3.0090731751,TS23
162,HIP 44307,2014-10-17,2456947.97782,-9.2014157842,10.0416460338,IGRINS
908,HIP 4436,2013-10-20,2456585.76325,7.3401156659,3.00216843,TS23
512,HIP 45336,2013-02-05,2456328.70746,-26.3901944694,3.0049349532,CHIRON
164,HIP 45336,2015-03-03,2457084.74909,-11.3279000179,10.0715738913,IGRINS
167,HIP 45336,2015-04-10,2457122.66229,-9.1046725297,10.0415326903,IGRINS
515,HIP 45344,2013-11-16,2456612.78551,19.5936529765,3.0306699827,CHIRON
911,HIP 45688,2013-01-07,2456299.93297,8.6852061853,3.016325111,TS23
916,HIP 46225,2014-01-22,2456679.84125,21.8906003215,3.0410889945,TS23
516,HIP 46283,2013-11-23,2456619.79739,59.0859928478,3.0496034903,CHIRON
518,HIP 46283,2014-02-24,2456712.70606,19.1308254885,3.0319115308,CHIRON
520,HIP 46283,2014-03-16,2456732.55855,51.7874723793,3.0505929599,CHIRON
170,HIP 46897,2015-03-03,2457084.7789,20.9833723587,10.3727390013,IGRINS
171,HIP 46897,2015-04-27,2457139.59457,27.9801459188,10.0342305484,IGRINS
917,HIP 47006,2014-01-19,2456677.03774,10.6404700939,3.0295539628,TS23
522,HIP 47175,2013-05-12,2456424.56327,16.2908889378,3.0047676566,CHIRON
918,HIP 50303,2014-01-20,2456677.78566,16.0320909135,3.0255695993,TS23
919,HIP 50860,2014-01-21,2456678.81759,-9.4371757723,3.01130406,TS23
920,HIP 5131,2013-10-22,2456587.70285,-8.9885257599,3.0364064515,TS23
172,HIP 5131,2014-07-09,2456847.89359,-28.0966578091,10.0604003289,IGRINS
176,HIP 5131,2015-03-02,2457083.56607,-11.214952079,10.3431153316,IGRINS
924,HIP 5132,2013-10-22,2456587.7736,-8.8952948413,3.0621049983,TS23
180,HIP 5132,2014-07-09,2456847.88543,-14.5741560819,10.073204787,IGRINS
523,HIP 51362,2013-11-29,2456625.81083,10.9239766096,3.0066026695,CHIRON
524,HIP 51362,2014-01-16,2456673.75582,10.4060237313,3.0042267092,CHIRON
525,HIP 51362,2015-01-21,2457043.79266,10.8692952236,3.0050391628,CHIRON
184,HIP 51362,2015-03-03,2457084.76051,3.0229099895,10.0404068694,IGRINS
928,HIP 51685,2014-01-20,2456677.90915,-4.7711309374,3.0169397067,TS23
929,HIP 52422,2014-01-19,2456676.87083,12.9519638324,3.0189311626,TS23
932,HIP 52457,2014-01-19,2456676.83474,19.6918283977,3.0129366072,TS23
933,HIP 52638,2014-01-12,2456669.83649,2.8712219718,3.0293844905,TS23
526,HIP 52678,2014-02-02,2456690.69952,3.813804687,3.0702253044,CHIRON
527,HIP 52678,2014-04-01,2456748.56321,7.9710857286,3.0916043709,CHIRON
528,HIP 52736,2014-02-25,2456713.70496,18.3022678325,3.0144474506,CHIRON
529,HIP 52736,2014-04-01,2456748.52337,19.3475738246,3.0155238228,CHIRON
935,HIP 52911,2014-01-13,2456670.86397,-15.2959005917,3.0167600358,TS23
185,HIP 5310,2014-10-15,2456945.75,0.8148427485,10.0392009888,IGRINS
530,HIP 5348,2013-02-02,2456325.55407,142.284576967,3.0184739077,CHIRON
1032,HIP 5361,2013-08-19,2456523.83574,-2.9915961137,3.0160088383,HRS
936,HIP 54849,2014-01-13,2456670.94088,6.3380771251,3.0160015005,TS23
186,HIP 5518,2014-10-15,2456945.77208,2.6949608384,10.0291862007,IGRINS
187,HIP 5518,2015-08-04,2457238.93525,5.505305987,10.0220230636,IGRINS
937,HIP 55266,2013-01-07,2456300.00104,-8.5397482115,3.0288762293,TS23
532,HIP 55434,2013-02-09,2456332.77931,-5.2492534654,3.0006562339,CHIRON
940,HIP 56034,2014-01-19,2456676.91372,-1.3677172339,3.0103480064,TS23
188,HIP 5626,2014-10-15,2456945.87613,3.3088972516,10.033352559,IGRINS
533,HIP 56633,2013-02-12,2456335.75619,0.4993805072,3.0079250348,CHIRON
944,HIP 56633,2014-01-12,2456669.90944,-0.5629020793,3.0180639835,TS23
534,HIP 57328,2013-02-15,2456338.68952,-4.5059734713,3.0032923838,CHIRON
536,HIP 57328,2013-03-19,2456370.62444,-3.5179831561,3.0032649175,CHIRON
538,HIP 58590,2013-02-15,2456338.72736,-28.4261120285,3.0008747815,CHIRON
539,HIP 59184,2013-12-17,2456643.78514,-2.5449926817,3.0016783409,CHIRON
540,HIP 59394,2014-02-02,2456690.78592,14.9756593512,3.0015585781,CHIRON
541,HIP 59394,2014-04-07,2456754.58024,14.6735062664,3.0013811739,CHIRON
542,HIP 59449,2013-12-15,2456641.76236,14.3017225839,3.0117644969,CHIRON
543,HIP 59449,2014-02-23,2456711.88558,12.5215060164,3.0068416125,CHIRON
945,HIP 59819,2014-01-12,2456669.95833,7.2073434743,3.0107685753,TS23
544,HIP 60009,2013-03-19,2456370.66567,15.6579172167,3.0045223671,CHIRON
545,HIP 60009,2014-12-18,2457009.78125,12.5971208711,3.00397357,CHIRON
189,HIP 60030,2015-03-03,2457084.80862,5.365394291,10.1199357047,IGRINS
946,HIP 60595,2014-01-19,2456676.94666,-0.8398654035,3.0186379272,TS23
546,HIP 60710,2015-02-09,2457062.77401,16.3245011549,3.0752503192,CHIRON
947,HIP 60957,2014-01-21,2456678.92278,-3.1821425759,3.0070870134,TS23
190,HIP 61558,2015-03-03,2457084.83584,1.1300430832,10.0903831736,IGRINS
191,HIP 61558,2015-04-27,2457139.66548,-2.5580283493,10.0287646697,IGRINS
547,HIP 61622,2013-03-27,2456378.69623,-6.5527926571,3.0138151605,CHIRON
192,HIP 62541,2015-03-03,2457084.85568,1.88427654,10.0564489341,IGRINS
193,HIP 62541,2015-04-12,2457124.79786,-2.7420404094,10.0191541362,IGRINS
194,HIP 62576,2015-04-10,2457122.82886,9.9975511693,10.0439358805,IGRINS
548,HIP 63724,2013-02-15,2456338.75882,-11.7902570039,3.0049343156,CHIRON
549,HIP 63724,2013-03-20,2456371.71945,-10.3577984119,3.0048551121,CHIRON
550,HIP 63945,2013-03-20,2456371.68624,6.5580806043,3.0096075203,CHIRON
555,HIP 65198,2015-01-22,2457044.84755,-14.0699766582,3.0075923618,CHIRON
948,HIP 65477,2014-01-12,2456670.01196,-5.5488087394,3.0182992604,TS23
953,HIP 65728,2014-01-20,2456677.9789,-10.5470714528,3.009764018,TS23
556,HIP 66249,2013-03-27,2456378.71568,-12.7809911617,3.0064751959,CHIRON
1033,HIP 66798,2013-03-26,2456377.81869,-8.3889315037,3.005723553,HRS
557,HIP 66821,2014-03-02,2456718.74941,11.0552824615,3.0437422561,CHIRON
196,HIP 67143,2015-04-27,2457139.7661,-0.6672689285,10.0349541654,IGRINS
1034,HIP 67194,2013-04-07,2456389.69914,-7.4730640451,3.0198746834,HRS
1035,HIP 67782,2013-04-12,2456394.92037,-17.7123569885,3.0012642029,HRS
197,HIP 68092,2015-04-27,2457139.7953,-2.476240558,10.011129975,IGRINS
558,HIP 68520,2013-04-21,2456403.59084,-7.1301068475,3.00455028,CHIRON
956,HIP 70327,2014-01-24,2456681.98278,-22.9436111759,3.0433282123,TS23
563,HIP 70327,2014-03-03,2456719.80633,-22.6814280718,3.0027372469,CHIRON
198,HIP 70327,2015-04-11,2457123.90057,-16.3495071379,10.0288484492,IGRINS
1037,HIP 70384,2013-04-21,2456403.72919,-6.5793332191,3.0063879081,HRS
958,HIP 70400,2014-01-11,2456669.00395,-10.3989941767,3.0133661511,TS23
565,HIP 70915,2015-03-09,2457090.71574,-6.1330484229,3.0287185616,CHIRON
566,HIP 70915,2015-04-24,2457136.63869,-6.0595674982,3.0287010001,CHIRON
567,HIP 71865,2013-04-01,2456383.70924,3.0075291694,3.0211631849,CHIRON
569,HIP 71865,2015-02-07,2457060.7974,3.3159224365,3.0108874298,CHIRON
571,HIP 71974,2015-02-25,2457078.80484,-13.3295009139,3.0074312132,CHIRON
572,HIP 72104,2014-03-04,2456720.86384,-1.3165968248,3.033590587,CHIRON
1038,HIP 72154,2013-04-21,2456403.75049,-19.536537323,3.0035351791,HRS
573,HIP 72250,2015-02-17,2457070.72158,-11.3278723577,3.0072543496,CHIRON
200,HIP 72378,2015-04-27,2457139.8243,-10.1479474376,10.0254852074,IGRINS
201,HIP 72552,2015-04-12,2457124.80752,14.4611933453,10.0257210168,IGRINS
574,HIP 73049,2014-02-27,2456715.73583,0.321545782,3.0026381075,CHIRON
575,HIP 7345,2014-08-18,2456887.76346,9.6589751376,3.0042773222,CHIRON
576,HIP 7345,2014-08-19,2456888.76035,10.1505125071,3.0048853078,CHIRON
579,HIP 74117,2013-04-01,2456383.77335,15.0351790165,3.0312372373,CHIRON
581,HIP 74689,2014-08-03,2456872.51664,-15.6555473986,3.0022501633,CHIRON
960,HIP 75178,2014-01-21,2456678.99221,-16.5970343917,3.0227851107,TS23
582,HIP 75304,2013-05-15,2456427.78955,4.8601952883,3.0294098217,CHIRON
583,HIP 76267,2013-03-29,2456380.88401,-24.1809192088,3.0041624666,CHIRON
584,HIP 76600,2013-03-29,2456380.9179,14.5471264835,3.0215140623,CHIRON
585,HIP 76852,2013-05-14,2456426.65107,-23.5301093704,3.0049267782,CHIRON
588,HIP 77233,2013-05-14,2456426.69494,-1.8705003704,3.006883794,CHIRON
1039,HIP 77336,2013-04-14,2456396.78672,-31.0801640663,3.0193308899,HRS
203,HIP 77336,2015-04-10,2457122.9072,-23.8077687801,10.062970165,IGRINS
591,HIP 77516,2013-03-29,2456380.89858,-5.5448924877,3.0086665742,CHIRON
592,HIP 77635,2014-03-09,2456725.72518,-1.3061569554,3.0334129458,CHIRON
593,HIP 77858,2014-03-17,2456733.75475,-15.7084329551,3.065565836,CHIRON
594,HIP 78105,2014-08-01,2456870.53811,-8.7368794436,3.0010314931,CHIRON
595,HIP 78106,2014-03-20,2456736.70261,-16.3488499232,3.0072366485,CHIRON
596,HIP 78265,2014-04-19,2456766.77811,-24.4558514689,3.0163322104,CHIRON
597,HIP 78554,2013-05-15,2456427.74906,-26.8425155696,3.0030116272,CHIRON
598,HIP 78820,2013-03-29,2456380.93829,-50.6515231626,3.011199181,CHIRON
602,HIP 78820,2015-02-07,2457060.84433,27.2758239148,3.0100213887,CHIRON
204,HIP 78820,2015-04-27,2457139.83415,-12.3385233998,10.2210600893,IGRINS
606,HIP 78820,2015-05-14,2457156.63079,0.2593097374,3.0054452383,CHIRON
208,HIP 78821,2015-04-27,2457139.84024,-37.8756767362,11.3047045344,IGRINS
610,HIP 78918,2014-03-02,2456718.86491,7.7035886292,3.035560068,CHIRON
611,HIP 78933,2014-03-21,2456737.76324,-7.2425093574,3.0039700703,CHIRON
612,HIP 79005,2015-03-09,2457090.76962,-15.2335309963,3.0685976885,CHIRON
614,HIP 79007,2014-08-04,2456874.48365,-12.6566680679,3.0050071961,CHIRON
615,HIP 79199,2014-03-18,2456734.7142,-7.6641306631,3.0156781055,CHIRON
617,HIP 79387,2014-03-30,2456746.75221,-2.7979386633,3.0036961137,CHIRON
618,HIP 79404,2013-05-03,2456415.77944,-27.4437308862,3.0233257509,CHIRON
619,HIP 79404,2015-02-23,2457076.80695,28.195314156,3.0155405584,CHIRON
620,HIP 79404,2015-03-09,2457090.87903,-29.1236287203,3.0131712376,CHIRON
621,HIP 79653,2014-03-24,2456740.79555,-9.1293900154,3.0084030256,CHIRON
622,HIP 80112,2014-03-09,2456725.76365,-8.6262938181,3.0014536874,CHIRON
1040,HIP 8016,2013-08-18,2456522.96249,3.5928719263,3.007737399,HRS
212,HIP 80460,2015-04-10,2457122.92739,9.7408557021,10.0604204764,IGRINS
623,HIP 80815,2013-03-27,2456378.86657,-12.8843372117,3.026820019,CHIRON
624,HIP 80883,2013-03-27,2456378.83981,-6.1495952831,3.0053313567,CHIRON
1041,HIP 80991,2013-04-07,2456389.86218,0.5733062973,3.0019298708,HRS
213,HIP 81126,2015-04-10,2457122.94855,-8.3607498749,10.0594847899,IGRINS
627,HIP 81266,2014-04-10,2456757.76392,-0.7095518046,3.01006117,CHIRON
628,HIP 81266,2014-04-18,2456765.74811,-0.7673937605,3.0098769655,CHIRON
961,HIP 813,2013-11-22,2456618.58536,8.9900815277,3.0324865884,TS23
1042,HIP 81641,2013-04-22,2456404.83387,-31.5654951354,3.0191145743,HRS
1045,HIP 82350,2013-04-09,2456391.84398,-22.5203100021,3.0010885014,HRS
629,HIP 82514,2014-03-10,2456726.80548,-147.037530203,3.1445941986,CHIRON
630,HIP 82673,2013-04-28,2456410.86019,-21.3657842599,3.0105489136,CHIRON
631,HIP 82673,2014-08-02,2456871.5797,-23.0821193476,3.0044140643,CHIRON
1048,HIP 83635,2013-04-25,2456407.85661,20.6607880043,3.0064630266,HRS
214,HIP 84606,2014-10-15,2456945.54494,-15.0367951456,10.025623735,IGRINS
215,HIP 85290,2014-10-16,2456946.55993,-8.2023416299,10.0420479711,IGRINS
1049,HIP 85379,2013-04-16,2456398.85268,-6.2205904887,3.0141860065,HRS
216,HIP 85385,2014-07-10,2456848.8251,-35.0966304515,10.0865177129,IGRINS
632,HIP 85537,2014-05-15,2456792.73928,-34.8499998326,3.0024696736,CHIRON
217,HIP 85537,2014-07-10,2456848.73026,-31.7190884503,10.0169697596,IGRINS
633,HIP 85537,2015-03-15,2457096.87926,-34.9430877085,3.0025287921,CHIRON
634,HIP 85727,2014-04-24,2456771.85701,2.3998937007,3.0219592473,CHIRON
218,HIP 85922,2014-07-09,2456847.8193,-19.7183044015,10.0344098096,IGRINS
638,HIP 85922,2014-08-17,2456886.55976,-18.5392139053,3.0050009415,CHIRON
639,HIP 85922,2015-03-22,2457103.85012,-19.367250225,3.0060073186,CHIRON
640,HIP 85922,2015-03-23,2457104.82099,-18.3327828471,3.0060672775,CHIRON
219,HIP 85922,2015-04-27,2457139.95498,-14.6708249102,10.033987986,IGRINS
1050,HIP 85998,2013-04-25,2456407.8354,-13.8339603459,3.0032258095,HRS
641,HIP 85998,2015-02-26,2457079.89194,-13.8940580992,3.0025989112,CHIRON
220,HIP 85998,2015-04-10,2457122.96214,1.7460311417,10.143227345,IGRINS
225,HIP 85998,2015-07-27,2457230.64216,3.9159892111,10.0212282555,IGRINS
646,HIP 86019,2014-03-31,2456747.85592,-39.2612271391,3.0187695599,CHIRON
1055,HIP 86782,2013-04-22,2456404.85066,1.4716547892,3.0103188157,HRS
1056,HIP 8704,2013-08-02,2456506.90032,6.9902008669,3.0722727217,HRS
230,HIP 8704,2015-03-03,2457084.57281,23.5699020173,11.619438074,IGRINS
231,HIP 8704,2015-08-03,2457237.92762,-7.4484649037,10.1196359619,IGRINS
647,HIP 87108,2013-06-02,2456445.79993,-21.3257676728,3.0403208038,CHIRON
232,HIP 87108,2014-07-09,2456847.87412,-25.2125821933,10.0409518008,IGRINS
649,HIP 88116,2013-07-15,2456488.71259,-9.3849689311,3.0029226638,CHIRON
650,HIP 88116,2014-08-07,2456876.54203,-17.015916957,3.0040075959,CHIRON
651,HIP 88290,2014-08-04,2456873.59575,6.9866535264,3.0106185134,CHIRON
1057,HIP 88817,2013-04-23,2456405.84254,-14.7666238087,3.0053123677,HRS
234,HIP 88817,2015-04-10,2457122.99732,-9.8512774025,10.054483826,IGRINS
1060,HIP 88818,2013-04-15,2456397.85186,-12.5488823508,3.03511223,HRS
237,HIP 88818,2015-04-10,2457122.97645,-3.0337121851,10.0132632897,IGRINS
240,HIP 88818,2015-07-27,2457230.6557,-4.8039866766,10.0471210041,IGRINS
1063,HIP 89156,2013-04-23,2456405.82134,-19.2898356407,3.0075930862,HRS
243,HIP 89935,2014-07-10,2456848.85467,-26.272526774,10.0189628567,IGRINS
244,HIP 89935,2014-10-15,2456945.55906,-18.8151756145,10.0184219688,IGRINS
1065,HIP 90052,2013-04-23,2456405.87762,-38.2306905828,3.0015962463,HRS
245,HIP 90762,2014-07-10,2456848.84639,-3.8368865639,10.0281081955,IGRINS
246,HIP 90762,2014-10-15,2456945.57104,-8.7363960169,10.0221995539,IGRINS
653,HIP 90887,2014-04-01,2456748.80017,-9.268446636,3.0027780459,CHIRON
247,HIP 91118,2014-10-15,2456945.58226,-16.1112420889,10.0290852582,IGRINS
654,HIP 91875,2014-03-29,2456745.80528,-32.7931336416,3.0028958398,CHIRON
1066,HIP 92027,2013-04-23,2456405.91432,-13.2863073356,3.0122491114,HRS
1069,HIP 92312,2013-04-26,2456408.8756,8.7339007156,3.0033421903,HRS
1070,HIP 92728,2013-04-23,2456405.86101,-47.6198100558,3.0054195793,HRS
656,HIP 92855,2013-05-03,2456415.80653,-3.6861854026,3.0361220387,CHIRON
658,HIP 92855,2014-08-11,2456880.57693,-0.6670209342,3.0329688657,CHIRON
660,HIP 92946,2013-07-02,2456475.79808,-45.4816787841,3.0025865635,CHIRON
962,HIP 9312,2013-10-21,2456586.7829,-3.7174416073,3.0518953156,TS23
663,HIP 93225,2013-08-12,2456516.6956,-7.3252939006,3.0126671649,CHIRON
248,HIP 93225,2014-10-16,2456946.53976,-28.2194050764,10.2447814877,IGRINS
963,HIP 93225,2014-11-01,2456962.55378,-7.6376733819,3.0372925406,TS23
1071,HIP 93393,2013-04-22,2456404.88026,-16.3748042216,3.0466096127,HRS
249,HIP 93580,2014-07-10,2456848.75357,-24.7733055464,10.0524712878,IGRINS
664,HIP 93580,2015-04-04,2457116.84177,-26.802296248,3.0040097978,CHIRON
250,HIP 93713,2014-07-10,2456848.86562,-28.6143972071,10.0434390221,IGRINS
964,HIP 93747,2013-10-22,2456587.53457,-23.8841779733,3.1012762785,TS23
665,HIP 93805,2014-04-28,2456775.78542,-37.4332912518,3.0122417565,CHIRON
251,HIP 93805,2014-07-14,2456852.8194,-14.271463659,10.0442620283,IGRINS
301,HIP 93805,2015-04-27,2457139.96334,-27.7686219661,10.0311716683,IGRINS
351,HIP 94620,2014-07-10,2456848.88068,-22.9821231452,10.0313193385,IGRINS
1072,HIP 94720,2013-08-13,2456517.78363,-28.2725467751,3.0063694582,HRS
715,HIP 95241,2013-06-16,2456459.89922,-10.9642864186,3.0018787625,CHIRON
716,HIP 95241,2013-08-04,2456508.80463,-11.5446231951,3.0017838864,CHIRON
717,HIP 95241,2014-07-31,2456869.63564,-17.5555252056,3.0081461687,CHIRON
352,HIP 95560,2014-07-10,2456848.89181,-47.1583826294,10.049865603,IGRINS
718,HIP 95619,2013-08-19,2456523.61577,-2.3036186233,3.1727841834,CHIRON
719,HIP 95619,2015-04-06,2457118.7938,-23.4863589715,3.301068129,CHIRON
353,HIP 95619,2015-04-27,2457139.9722,-12.7053465449,10.0529860506,IGRINS
354,HIP 9564,2014-10-15,2456945.78366,-39.3976548463,10.0435176645,IGRINS
968,HIP 95853,2013-10-20,2456585.54193,-11.4016974075,3.0329910326,TS23
969,HIP 96288,2013-10-20,2456585.56524,-5.2968342181,3.0064103973,TS23
1075,HIP 96840,2013-04-26,2456408.91688,-56.3695938444,3.0141630703,HRS
355,HIP 97376,2014-07-10,2456848.9015,-29.0169305988,10.0628772565,IGRINS
970,HIP 97496,2013-10-19,2456584.54286,-21.2434396531,3.0228246514,TS23
1077,HIP 97870,2013-08-13,2456517.81223,-10.3785876332,3.0117171876,HRS
720,HIP 97966,2014-08-12,2456881.70742,-11.5057195321,3.0306129386,CHIRON
721,HIP 97966,2014-09-25,2456925.5162,-10.9905828231,3.0520843331,CHIRON
973,HIP 98055,2013-10-21,2456586.54173,-4.711440406,3.0418464153,TS23
977,HIP 98194,2013-10-18,2456583.54514,-36.8641440185,3.0037927275,TS23
983,HIP 98325,2013-10-22,2456587.55788,-12.1778606925,3.0218532265,TS23
984,HIP 99080,2013-10-18,2456583.63098,-3.4020615957,3.0136854849,TS23
356,HIP 99742,2014-10-15,2456945.59289,-30.3582076634,10.0280993175,IGRINS
357,HIP5164,2014-11-19,2456980.72258,10.4304192965,10.0379697101,IGRINS
722,HR 1880,2013-10-29,2456594.74344,29.8971204252,3.0149542488,CHIRON
728,HR 2948,2013-10-19,2456584.81225,22.8610454133,3.0110118824,CHIRON
730,HR 4259,2013-02-12,2456335.70797,5.8728783224,3.0051736472,CHIRON
985,HR 545,2013-10-21,2456586.75086,-13.1077570004,3.0705820863,TS23
988,HR 545,2014-01-11,2456668.55763,-12.9223731679,3.0593914776,TS23
358,HR 545,2014-10-15,2456945.809,13.897443684,10.0860760429,IGRINS
1078,HR 5476,2013-04-26,2456408.71009,-0.2684348314,3.0279089842,HRS
731,HR 5605,2013-04-01,2456383.73924,20.9083250172,3.0809073127,CHIRON
361,HR 6025,2014-07-09,2456847.83452,-53.5880970519,10.0495487357,IGRINS
991,HR 604,2013-10-20,2456585.86775,-15.1043171099,3.0675361685,TS23
