star,ra,dec,date,ut,jd,instrument,exptime,snr
ADS 3962 AB,+05:23:38.537500,+03:33:23.287500,2014-10-16,10:11:08.924,2456946.92441,IGRINS,280.0,173.467322351
HIP 100221,+19:57:44.341250,+46:26:39.637500,2015-07-27,05:21:02.222,2457230.72294,IGRINS,1100.0,83.6946075763
HIP 100907,+20:28:12.922500,+38:29:30.987500,2014-10-16,01:43:00.571,2456946.57153,IGRINS,224.0,121.136348508
HIP 100907,+20:28:13.580000,+38:30:24.150000,2015-07-27,04:07:09.170,2457230.67163,IGRINS,600.0,116.947568791
HIP 101123,+20:43:23.262500,+66:43:10.762500,2014-10-15,04:46:42.698,2456945.69911,IGRINS,224.0,160.287310259
HIP 101909,+20:39:47.205000,+15:54:16.650000,2014-10-15,02:31:07.604,2456945.60495,IGRINS,360.0,141.328201533
HIP 101909,+20:39:52.915000,+15:55:9.550000,2015-07-27,04:34:19.689,2457230.69051,IGRINS,720.0,86.7498090638
HIP 102487,+20:47:03.50,-21:26:41.2,2014-07-09,07:09:54.797,2456847.79855,IGRINS,480.0,83.1538705903
HIP 103298,+20:56:25.732500,+12:37:22.387500,2014-10-16,01:57:21.580,2456946.5815,IGRINS,224.0,104.01717492
HIP 103298,+20:56:27.412500,+12:38:35.575000,2015-07-27,04:51:51.201,2457230.70268,IGRINS,600.0,78.2964739984
HIP 104105,+21:05:12.277500,+78:12:3.737500,2014-10-15,04:31:13.188,2456945.68835,IGRINS,280.0,136.933585272
HIP 104365,+21:09:26.56,-21:07:10.0,2014-07-09,07:24:40.808,2456847.80881,IGRINS,480.0,99.3358005867
HIP 104365,+21:09:27.107500,-21:06:59.587500,2015-08-03,07:46:37.323,2457237.82404,IGRINS,720.0,54.2161109571
HIP 105891,+21:27:20.893750,+52:57:31.500000,2014-10-16,02:16:26.094,2456946.59475,IGRINS,224.0,91.7285858963
HIP 106786,+21:38:34.877500,-07:46:39.487500,2014-10-15,03:17:53.637,2456945.63743,IGRINS,224.0,225.156636529
HIP 10732,+02:19:0.757500,+19:58:31.487500,2014-10-15,07:45:24.322,2456945.8232,IGRINS,224.0,181.259668101
HIP 10732,+02:18:59.515000,+19:58:17.275000,2015-03-02,01:19:18.054,2457083.55507,IGRINS,240.0,110.591862496
HIP 108339,+21:57:41.048750,+12:09:28.625000,2014-10-15,03:31:08.145,2456945.64662,IGRINS,224.0,160.870388083
HIP 109056,+22:06:17.383750,+29:02:24.587500,2014-10-15,03:45:19.155,2456945.65647,IGRINS,240.0,152.708179319
HIP 109056,+22:06:15.630000,+29:02:35.175000,2014-10-16,03:42:15.654,2456946.65435,IGRINS,784.0,232.928408525
HIP 109056,+22:05:54.576667,+27:21:0.650000,2014-10-17,01:38:59.568,2456947.56874,IGRINS,1746.0,168.391059206
HIP 109056,+22:05:49.710000,+27:01:54.440000,2014-10-18,01:30:16.063,2456948.56269,IGRINS,1156.0,159.304970902
HIP 109521,+22:11:51.255000,+50:53:57.675000,2014-10-15,04:12:28.175,2456945.67533,IGRINS,224.0,204.7665486
HIP 109831,+22:15:24.765000,+43:01:52.300000,2014-10-15,03:58:57.666,2456945.66595,IGRINS,224.0,161.013324906
HIP 109831,+22:15:23.423750,+43:01:59.737500,2015-08-03,06:32:24.771,2457237.77251,IGRINS,1440.0,99.5068202322
HIP 109831,+21:38:31.191250,+46:43:18.625000,2015-09-23,05:33:10.231,2457288.73137,IGRINS,900.0,28.2887871812
HIP 111056,+22:30:5.632500,+78:54:23.475000,2014-10-15,06:15:53.761,2456945.76104,IGRINS,224.0,116.061890695
HIP 111056,+22:29:59.777500,+78:53:51.975000,2015-09-23,07:05:35.795,2457288.79555,IGRINS,180.0,25.0384160157
HIP 115115,+12:01:45.716250,-11:26:39.025000,2015-07-27,10:53:14.453,2457230.95364,IGRINS,500.0,42.7788600686
HIP 116247,+23:34:5.595000,-20:48:38.050000,2015-08-03,10:29:05.436,2457237.93687,IGRINS,240.0,99.2936838967
HIP 116611,+23:38:47.641250,+18:28:53.325000,2014-10-16,02:37:04.109,2456946.60908,IGRINS,224.0,140.55975135
HIP 116631,+23:38:52.128750,+43:21:38.325000,2014-10-16,06:44:36.280,2456946.78098,IGRINS,224.0,159.057196753
HIP 116631,+23:38:53.922500,+43:21:0.525000,2015-09-23,07:16:34.803,2457288.80318,IGRINS,180.0,33.0991859323
HIP 117089,+23:44:58.635000,-18:10:8.125000,2015-08-03,10:45:15.447,2457237.9481,IGRINS,720.0,58.8299571393
HIP 117089,+23:44:57.082500,-18:11:0.325000,2015-09-23,07:28:38.311,2457288.81155,IGRINS,180.0,19.5616039209
HIP 118243,+23:59:54.278750,+55:50:34.812500,2014-10-15,05:31:27.730,2456945.73018,IGRINS,224.0,173.011806039
HIP 12332,+02:39:42.876250,+22:02:3.175000,2014-10-17,06:55:44.288,2456947.78871,IGRINS,224.0,171.871176311
HIP 12706,+02:44:6.161250,+03:17:45.275000,2014-10-16,08:09:23.339,2456946.83985,IGRINS,224.0,148.535275397
HIP 12803,+02:45:24.936250,+15:22:58.475000,2014-10-17,07:11:26.799,2456947.79962,IGRINS,224.0,136.955907561
HIP 12803,+03:52:16.531250,+20:13:32.187500,2015-08-06,10:45:39.448,2457240.94837,IGRINS,780.0,116.356784722
HIP 13879,+02:59:49.525000,+39:43:23.037500,2014-10-15,07:03:40.294,2456945.79422,IGRINS,224.0,256.084839753
HIP 14764,+03:11:28.297500,+11:56:27.812500,2014-10-16,07:17:27.303,2456946.80379,IGRINS,360.0,148.622187717
HIP 14862,+03:13:44.772500,+74:26:44.062500,2014-10-15,08:44:58.863,2456945.86457,IGRINS,224.0,180.450543988
HIP 14862,+03:13:33.512500,+74:27:13.375000,2015-03-03,02:28:17.100,2457084.60298,IGRINS,1200.0,116.851379096
HIP 15110,+03:15:48.946250,+21:05:15.450000,2014-10-16,07:54:47.829,2456946.82972,IGRINS,224.0,120.482236117
HIP 16210,+03:30:2.977500,+49:53:56.587500,2014-10-15,08:14:48.843,2456945.84362,IGRINS,224.0,155.418982408
HIP 16244,+03:30:32.988750,+49:33:27.275000,2014-10-15,08:00:52.334,2456945.83394,IGRINS,224.0,233.767634208
HIP 16322,+03:31:13.230000,+11:23:19.787500,2014-10-16,07:40:09.819,2456946.81956,IGRINS,224.0,170.919060673
HIP 16599,+03:34:53.681250,+55:00:55.125000,2014-10-15,08:29:23.353,2456945.85374,IGRINS,224.0,167.919991933
HIP 16611,+03:34:25.013750,-21:35:0.400000,2014-10-16,08:23:08.349,2456946.8494,IGRINS,224.0,214.757348908
HIP 17527,+03:46:5.882500,+24:53:4.675000,2014-10-17,07:33:39.814,2456947.81504,IGRINS,224.0,116.964877984
HIP 19949,+04:18:0.478750,+53:39:18.850000,2014-10-15,09:33:08.397,2456945.89801,IGRINS,224.0,216.550150316
HIP 19949,+04:50:55.573750,+47:20:3.375000,2015-03-03,02:57:13.122,2457084.62307,IGRINS,960.0,34.2130709227
HIP 20380,+04:23:11.296250,+56:33:4.925000,2014-10-15,09:17:43.387,2456945.88731,IGRINS,224.0,180.688531694
HIP 20380,+04:23:9.450000,+56:31:56.575000,2015-03-03,03:57:37.163,2457084.66501,IGRINS,1200.0,25.8251919305
HIP 20789,+04:28:12.967500,+23:01:2.550000,2014-10-16,08:36:45.858,2456946.85886,IGRINS,224.0,152.670083134
HIP 21589,+04:39:1.115000,+12:32:24.700000,2014-10-18,10:58:13.956,2456948.95711,IGRINS,112.0,136.093099883
HIP 21683,+05:21:1.992500,+02:25:53.100000,2014-10-18,11:26:08.976,2456948.97649,IGRINS,230.0,106.130124535
HIP 22028,+04:44:46.347500,-18:37:17.362500,2014-10-17,09:41:59.404,2456947.90416,IGRINS,240.0,143.605771345
HIP 22833,+04:55:37.396250,+11:26:53.225000,2014-10-16,08:50:30.868,2456946.86841,IGRINS,224.0,137.056801926
HIP 23362,+05:02:4.695000,-20:01:34.512500,2014-10-16,10:26:12.435,2456946.93487,IGRINS,240.0,175.723412029
HIP 23916,+05:09:2.752500,-08:38:50.237500,2014-10-16,10:41:41.945,2456946.94562,IGRINS,280.0,143.029205237
HIP 24902,+05:21:19.685000,+41:05:7.725000,2014-10-16,09:03:36.377,2456946.8775,IGRINS,224.0,180.454357472
HIP 2505,+00:32:43.326250,+54:36:14.587500,2014-10-15,05:01:28.209,2456945.70935,IGRINS,224.0,205.422694958
HIP 25143,+05:23:56.123750,+41:01:40.750000,2014-10-16,09:26:11.392,2456946.89319,IGRINS,224.0,179.30095142
HIP 25143,+05:23:53.585000,+41:01:29.750000,2015-03-03,03:29:12.643,2457084.64529,IGRINS,960.0,83.9316426704
HIP 25280,+05:25:7.141250,-16:56:59.600000,2014-10-17,09:57:13.414,2456947.91474,IGRINS,240.0,131.211872489
HIP 2548,+00:33:14.002500,+07:02:22.250000,2015-08-06,10:23:21.932,2457240.93289,IGRINS,360.0,103.378343874
HIP 25790,+05:31:19.072500,+15:22:4.000000,2014-10-16,09:40:44.403,2456946.90329,IGRINS,224.0,157.017861415
HIP 25813,+07:19:59.930000,+14:16:9.450000,2015-03-02,02:00:28.583,2457083.58366,IGRINS,1020.0,200.904821366
HIP 26093,+05:34:44.803750,+14:18:12.600000,2014-10-16,09:55:21.913,2456946.91345,IGRINS,280.0,147.655437617
HIP 26093,+05:34:47.693333,+14:19:34.416667,2015-03-03,05:16:49.718,2457084.72002,IGRINS,1800.0,88.1782301236
HIP 26126,+05:35:3.731250,+03:46:35.375000,2014-10-16,10:56:17.955,2456946.95576,IGRINS,240.0,173.717783651
HIP 27713,+05:52:48.276250,-09:02:28.475000,2014-10-16,11:11:39.466,2456946.96643,IGRINS,240.0,147.478894593
HIP 2912,+00:54:40.051250,+06:49:12.562500,2015-08-04,10:57:04.771,2457238.95631,IGRINS,366.52,128.118325236
HIP 29151,+06:09:45.775000,+02:29:23.487500,2014-10-16,11:41:45.987,2456946.98734,IGRINS,264.0,169.498363392
HIP 29735,+06:16:23.036250,-13:43:32.787500,2014-10-16,11:26:51.976,2456946.97699,IGRINS,240.0,167.79214418
HIP 30666,+06:27:22.997500,-01:31:33.462500,2014-10-16,11:57:46.097,2456946.99845,IGRINS,280.0,155.864209054
HIP 31278,+06:34:19.998750,-01:14:35.525000,2014-10-16,12:14:19.865,2456947.00995,IGRINS,280.0,172.130031934
HIP 31278,+06:34:26.181250,-01:13:48.837500,2015-03-03,04:40:33.694,2457084.69483,IGRINS,960.0,93.8681000199
HIP 33372,+06:57:17.195000,+09:56:44.062500,2014-10-17,12:06:58.450,2456948.00484,IGRINS,320.0,107.785003029
HIP 3478,+00:45:24.572500,+47:56:53.275000,2014-10-15,05:15:04.219,2456945.7188,IGRINS,224.0,152.958723712
HIP 3478,+02:38:54.762500,+33:06:7.487500,2015-09-23,07:39:02.819,2457288.81878,IGRINS,540.0,27.4867977138
HIP 36760,+07:34:30.605000,+15:47:28.950000,2015-03-03,05:45:27.238,2457084.7399,IGRINS,720.0,154.687219407
HIP 36812,+07:35:4.276250,+03:20:56.387500,2014-10-17,11:51:17.493,2456947.99395,IGRINS,280.0,106.275033711
HIP 3881,+00:50:44.945000,+41:10:18.712500,2014-10-15,05:45:20.740,2456945.73982,IGRINS,224.0,197.704845862
HIP 39847,+08:09:39.775000,+51:27:13.200000,2015-03-03,04:18:45.178,2457084.67969,IGRINS,480.0,155.175523672
HIP 40881,+08:21:25.425000,+23:59:7.162500,2014-10-17,11:12:12.966,2456947.96682,IGRINS,240.0,97.6571066441
HIP 42090,+08:35:41.348571,+36:21:49.042857,2015-04-12,02:56:09.622,2457124.62233,IGRINS,630.0,117.154789164
HIP 44307,+09:02:18.647500,+32:12:5.825000,2014-10-17,11:28:03.977,2456947.97782,IGRINS,280.0,77.5494241256
HIP 45336,+09:15:16.910000,+02:14:22.275000,2015-03-03,05:58:41.248,2457084.74909,IGRINS,240.0,144.009833386
HIP 45336,+10:01:11.310000,+08:10:38.350000,2015-04-10,03:53:41.662,2457122.66229,IGRINS,270.0,134.947717091
HIP 46897,+09:34:16.530000,-22:55:55.525000,2015-03-03,06:41:36.776,2457084.7789,IGRINS,1200.0,23.5630787896
HIP 46897,+09:34:6.823750,-22:55:32.025000,2015-04-27,02:16:11.093,2457139.59457,IGRINS,720.0,117.303738323
HIP 5131,+01:06:24.98,+21:33:07.4,2014-07-09,09:26:46.393,2456847.89359,IGRINS,1600.0,114.529897123
HIP 5131,+02:45:55.047500,+15:42:33.087500,2015-03-02,01:35:08.066,2457083.56607,IGRINS,930.0,71.4564858487
HIP 5132,+01:06:25.56,+21:32:42.7,2014-07-09,09:15:01.384,2456847.88543,IGRINS,480.0,108.309958104
HIP 51362,+10:30:18.735000,-02:49:21.200000,2015-03-03,06:15:08.259,2457084.76051,IGRINS,720.0,102.543229657
HIP 5310,+01:08:48.237500,+20:48:59.475000,2014-10-15,06:00:00.250,2456945.75,IGRINS,224.0,202.50919574
HIP 5518,+01:11:49.403750,+68:51:14.925000,2014-10-15,06:31:47.772,2456945.77208,IGRINS,224.0,160.264791246
HIP 5518,+01:11:46.878333,+68:50:31.200000,2015-08-04,10:26:45.434,2457238.93525,IGRINS,540.0,79.1986632198
HIP 5626,+01:13:45.625000,+79:45:30.187500,2014-10-15,09:01:37.876,2456945.87613,IGRINS,224.0,159.856526873
HIP 60030,+12:19:30.601250,-00:52:35.562500,2015-03-03,07:24:24.806,2457084.80862,IGRINS,2400.0,80.6284004156
HIP 61558,+12:37:34.500000,-05:54:36.225000,2015-03-03,08:03:36.334,2457084.83584,IGRINS,1200.0,67.3787242121
HIP 61558,+12:37:36.527500,-05:54:46.525000,2015-04-27,03:58:17.163,2457139.66548,IGRINS,1440.0,176.60928093
HIP 62541,+13:51:50.220000,+20:27:17.850000,2015-03-03,08:32:10.855,2457084.85568,IGRINS,1500.0,77.3443231342
HIP 62541,+12:49:40.827500,+14:02:30.600000,2015-04-12,07:08:54.797,2457124.79786,IGRINS,480.0,115.772891801
HIP 62576,+13:11:30.995000,+25:22:22.887500,2015-04-10,07:53:33.828,2457122.82886,IGRINS,546.0,127.419728187
HIP 67143,+13:46:30.237500,-26:10:28.500000,2015-04-27,06:23:11.265,2457139.7661,IGRINS,480.0,122.646837499
HIP 68092,+13:57:17.807143,+00:58:30.085714,2015-04-27,07:05:13.794,2457139.7953,IGRINS,840.0,201.898972592
HIP 70327,+14:24:5.662500,+08:22:2.987500,2015-04-11,09:36:48.901,2457123.90057,IGRINS,420.0,89.5211952005
HIP 72378,+14:48:51.592500,-26:41:28.250000,2015-04-27,07:46:59.823,2457139.8243,IGRINS,720.0,143.020614576
HIP 72552,+14:46:17.112500,+21:06:31.075000,2015-04-12,07:22:49.807,2457124.80752,IGRINS,600.0,108.743052622
HIP 77336,+15:48:1.240000,+14:03:57.012500,2015-04-10,09:46:22.406,2457122.9072,IGRINS,480.0,117.524297999
HIP 78820,+16:06:20.317500,-19:49:47.100000,2015-04-27,08:01:10.334,2457139.83415,IGRINS,120.0,187.866311153
HIP 78821,+16:03:26.393750,-20:16:20.925000,2015-04-27,08:09:56.840,2457139.84024,IGRINS,210.0,47.2275997323
HIP 80460,+16:25:54.593750,+37:21:12.325000,2015-04-10,10:15:26.426,2457122.92739,IGRINS,720.0,112.710859807
HIP 81126,+16:34:37.115000,+42:23:54.950000,2015-04-10,10:45:54.948,2457122.94855,IGRINS,720.0,146.051004089
HIP 84606,+17:18:11.786250,+37:16:56.850000,2014-10-15,01:04:42.545,2456945.54494,IGRINS,224.0,153.0166799
HIP 85290,+17:25:53.518750,+60:02:46.387500,2014-10-16,01:26:18.060,2456946.55993,IGRINS,224.0,120.509789115
HIP 85385,+17:27:28.01,+20:04:56.6,2014-07-10,07:48:08.824,2456848.8251,IGRINS,480.0,78.2108492106
HIP 85537,+17:29:31.12,+00:18:49.2,2014-07-10,05:31:34.229,2456848.73026,IGRINS,240.0,60.5835833748
HIP 85922,+17:34:20.62,-05:44:47.7,2014-07-09,07:39:47.818,2456847.8193,IGRINS,480.0,120.75333802
HIP 85922,+17:34:19.572500,-05:44:48.937500,2015-04-27,10:55:10.454,2457139.95498,IGRINS,240.0,167.280461586
HIP 85998,+17:35:16.920000,+09:34:39.500000,2015-04-10,11:05:28.961,2457122.96214,IGRINS,480.0,54.4942127624
HIP 85998,+17:35:24.832500,+09:35:53.150000,2015-07-27,03:24:42.641,2457230.64216,IGRINS,720.0,167.375934925
HIP 8704,+01:52:55.142500,+55:13:32.800000,2015-03-03,01:44:51.071,2457084.57281,IGRINS,960.0,29.9852922886
HIP 8704,+01:53:3.120000,+55:13:7.775000,2015-08-03,10:15:46.426,2457237.92762,IGRINS,720.0,90.0512790021
HIP 87108,+17:48:37.55,+02:42:29.7,2014-07-09,08:58:43.874,2456847.87412,IGRINS,120.0,122.959067731
HIP 88817,+18:08:21.766250,+26:05:50.150000,2015-04-10,11:56:08.645,2457122.99732,IGRINS,960.0,104.965482772
HIP 88818,+18:08:23.055000,+26:06:6.037500,2015-04-10,11:26:05.475,2457122.97645,IGRINS,960.0,93.4859862104
HIP 88818,+18:08:32.367500,+26:07:26.150000,2015-07-27,03:44:12.154,2457230.6557,IGRINS,600.0,107.184207335
HIP 89935,+18:21:37.70,+28:53:11.0,2014-07-10,08:30:43.354,2456848.85467,IGRINS,240.0,95.6978210803
HIP 89935,+18:21:36.676250,+28:53:10.987500,2014-10-15,01:25:03.059,2456945.55906,IGRINS,224.0,247.043389633
HIP 90762,+18:31:44.31,+16:56:56.6,2014-07-10,08:18:48.345,2456848.84639,IGRINS,480.0,78.5042391719
HIP 90762,+18:31:42.922500,+16:56:49.500000,2014-10-15,01:42:18.071,2456945.57104,IGRINS,480.0,196.035057872
HIP 91118,+18:35:50.886250,+18:13:38.550000,2014-10-15,01:58:27.081,2456945.58226,IGRINS,360.0,194.718258027
HIP 93225,+19:00:17.183750,-12:48:41.012500,2014-10-16,00:57:15.039,2456946.53976,IGRINS,224.0,77.8672490288
HIP 93580,+19:04:15.93,+01:51:27.9,2014-07-10,08:03:56.335,2456848.83607,IGRINS,480.0,99.4023470227
HIP 93713,+19:05:26.12,+53:25:53.3,2014-07-10,08:46:29.365,2456848.86562,IGRINS,600.0,90.1230100662
HIP 93805,19:06:14.94,-04:52:57.20,2014-07-14,07:39:56.319,2456852.8194,IGRINS,2640.0,59.0695082524
HIP 93805,+19:07:4.385000,-04:51:10.875000,2015-04-27,11:07:12.462,2457139.96334,IGRINS,120.0,206.561861011
HIP 94620,+19:15:54.82,+21:16:14.3,2014-07-10,09:08:10.879,2456848.88068,IGRINS,480.0,101.860149246
HIP 95560,+19:26:51.42,+20:08:14.6,2014-07-10,09:24:12.391,2456848.89181,IGRINS,480.0,105.642538265
HIP 95619,+19:27:52.495000,-29:41:27.512500,2015-04-27,11:19:58.471,2457139.9722,IGRINS,480.0,121.097732893
HIP 9564,+02:04:7.798750,+64:58:17.012500,2014-10-15,06:48:28.283,2456945.78366,IGRINS,224.0,137.120561242
HIP 97376,+19:48:02.76,+38:27:12.4,2014-07-10,09:38:09.901,2456848.9015,IGRINS,1680.0,66.8062285508
HIP 99742,+20:15:0.416250,+15:15:19.100000,2014-10-15,02:13:46.093,2456945.59289,IGRINS,224.0,214.407280568
HR 545,+01:54:27.067500,+19:22:20.062500,2014-10-15,07:24:57.808,2456945.809,IGRINS,224.0,229.728528094
HR 6025,+16:06:33.04,+67:46:17.3,2014-07-09,08:01:42.834,2456847.83452,IGRINS,600.0,104.265280507
HIP 100881,20:27:18.91,-18:12:43.7,2013-08-07,04:21:38.6,2456511.68755,CHIRON,1011.0,567.564413427
HIP 101589,20:35:19.00,14:40:25.8,2013-06-05,07:55:17.2,2456448.8321,CHIRON,352.0,420.380896821
HIP 101867,20:38:33.34,21:11:50.5,2013-07-16,06:34:36.3,2456489.77639,CHIRON,408.0,441.322391405
HIP 10320,02:12:55.22,-30:43:25.3,2013-08-28,06:57:31.9,2456532.79586,CHIRON,1020.0,549.015381606
HIP 103298,20:55:38.58,12:34:07.3,2015-05-13,10:10:39.9,2457155.92639,CHIRON,1140.729,289.443052369
HIP 104019,21:04:26.44,-19:51:27.2,2013-07-01,09:36:47.1,2456474.90299,CHIRON,423.0,547.564822815
HIP 104139,21:05:57.20,-17:14:05.2,2013-06-05,09:29:09.1,2456448.89642,CHIRON,204.0,488.449210981
HIP 105140,21:17:58.08,-32:10:21.7,2013-07-12,09:39:54.9,2456485.90487,CHIRON,372.0,422.257076225
HIP 106786,21:37:46.56,-07:51:06.5,2014-05-17,07:18:19.5,2456794.80573,CHIRON,231.547,471.935333526
HIP 107517,21:46:31.51,-11:22:04.5,2014-08-04,05:35:15.6,2456873.73875,CHIRON,1025.0,493.515232003
HIP 107608,21:47:43.31,-30:53:33.1,2014-05-11,08:00:06.2,2456788.83699,CHIRON,620.0,470.731365565
HIP 108294,21:56:23.35,-37:14:48.0,2014-05-13,07:25:26.6,2456790.81206,CHIRON,470.246,509.257814476
HIP 109139,22:06:25.19,-13:52:18.2,2013-06-04,09:51:37.9,2456447.91229,CHIRON,248.0,469.347423535
HIP 109139,22:06:26.08,-13:52:21.3,2013-08-20,03:57:24.4,2456524.66607,CHIRON,207.299,587.084332149
HIP 110838,22:27:21.79,-64:57:58.3,2013-09-08,07:33:00.7,2456543.81752,CHIRON,506.0,551.48811984
HIP 110838,22:27:20.84,-64:57:51.3,2014-08-11,06:18:11.4,2456880.76468,CHIRON,353.908,775.556711878
HIP 110935,22:28:38.25,-67:29:05.6,2014-08-27,04:00:02.7,2456896.67073,CHIRON,696.094,625.26163439
HIP 112029,22:41:27.75,10:49:35.1,2013-07-14,08:28:27.2,2456487.85372,CHIRON,109.0,456.109458213
HIP 112029,22:41:28.08,10:49:46.7,2014-08-23,05:49:08.9,2456892.74301,CHIRON,95.0,253.344362626
HIP 11345,02:25:56.93,-12:17:42.8,2014-08-25,09:31:46.5,2456894.90019,CHIRON,540.0,520.389341097
HIP 114822,23:15:33.95,-03:29:36.4,2014-08-15,04:13:23.5,2456884.67903,CHIRON,530.168,532.785199048
HIP 114822,22:49:21.13,-03:29:34.8,2014-08-17,04:11:09.0,2456886.67855,CHIRON,714.707,549.31399588
HIP 115115,23:18:58.09,-09:36:43.1,2014-05-20,08:49:49.4,2456797.87146,CHIRON,610.0,334.959124747
HIP 115115,23:18:58.36,-09:36:41.0,2015-05-21,09:39:10.0,2457163.90336,CHIRON,600.0,190.135056299
HIP 116247,23:33:17.79,-20:54:58.2,2013-06-20,09:22:49.5,2456463.89298,CHIRON,368.0,561.759379267
HIP 116971,23:42:42.41,-14:32:53.1,2013-07-14,09:06:36.1,2456487.88131,CHIRON,298.0,538.036116987
HIP 116971,23:42:43.95,-14:32:43.5,2013-09-20,01:24:58.0,2456555.56188,CHIRON,497.0,426.873463484
HIP 116971,23:42:43.91,-14:32:37.6,2014-07-31,06:17:24.9,2456869.76429,CHIRON,380.0,113.039316948
HIP 116971,23:42:43.89,-14:32:59.0,2014-10-06,05:26:02.1,2456936.7284,CHIRON,344.026,596.386754466
HIP 117089,23:44:13.06,-18:16:44.7,2013-08-09,08:30:51.2,2456513.8597,CHIRON,853.368,603.162182845
HIP 117452,23:48:55.67,-28:07:53.8,2013-06-26,09:33:14.6,2456469.89998,CHIRON,327.0,540.546640891
HIP 118121,23:57:38.07,-64:17:29.2,2014-05-18,08:42:12.0,2456795.86399,CHIRON,233.238,502.103157906
HIP 1191,00:14:55.08,-09:34:12.1,2013-09-17,02:08:51.6,2456552.59643,CHIRON,1200.0,321.175080978
HIP 13202,02:49:54.91,-27:56:28.3,2014-09-10,07:44:10.8,2456910.8257,CHIRON,580.091,567.102933402
HIP 13717,02:56:38.51,-03:42:45.8,2014-09-17,07:43:43.1,2456917.82575,CHIRON,643.648,554.904680664
HIP 13717,02:56:37.58,-03:42:35.4,2014-11-09,06:00:22.2,2456970.75432,CHIRON,702.619,548.955928945
HIP 14293,03:04:16.68,-07:36:01.4,2014-09-19,09:09:04.5,2456919.88593,CHIRON,800.0,241.225540142
HIP 16285,03:29:55.56,-42:38:01.9,2014-10-03,08:09:22.8,2456933.84429,CHIRON,767.237,566.400539319
HIP 16322,03:30:25.11,11:19:58.0,2014-10-14,05:09:14.7,2456944.71869,CHIRON,680.0,405.007933846
HIP 1647,00:20:40.77,-69:37:14.7,2013-08-06,05:31:09.0,2456510.73636,CHIRON,1104.775,630.998273308
HIP 16611,03:33:46.19,-21:37:53.7,2013-08-18,09:08:58.7,2456522.88271,CHIRON,255.274,579.164124914
HIP 17457,03:44:32.42,-01:09:40.0,2013-08-27,07:36:11.3,2456531.82261,CHIRON,1005.014,516.700210621
HIP 17563,03:45:40.13,06:02:57.9,2013-09-03,07:37:02.7,2456538.82369,CHIRON,1088.0,402.316736601
HIP 18788,04:01:32.75,-01:32:51.5,2013-08-31,07:12:45.1,2456535.80653,CHIRON,1039.0,184.018631528
HIP 20264,04:20:40.53,-20:38:26.4,2014-03-02,00:31:14.0,2456718.52667,CHIRON,860.0,408.696374179
HIP 20507,04:23:41.42,-03:44:46.3,2014-03-03,23:55:35.2,2456719.50107,CHIRON,715.0,470.32435402
HIP 21589,04:38:13.79,12:30:24.3,2015-02-12,03:08:55.0,2457065.63257,CHIRON,754.246,287.632780261
HIP 22509,04:50:40.66,08:53:55.8,2015-04-14,00:06:59.4,2457126.50652,CHIRON,2612.114,435.173822285
HIP 22913,04:55:53.77,15:02:29.9,2013-10-20,05:38:43.1,2456585.74217,CHIRON,1200.0,225.866478684
HIP 22958,04:56:24.98,-05:10:07.2,2013-09-16,06:52:05.6,2456551.79312,CHIRON,1200.0,342.915865634
HIP 22958,04:56:24.60,-05:10:21.6,2014-10-13,06:22:15.0,2456943.76921,CHIRON,650.0,322.98686698
HIP 23362,05:01:25.55,-20:03:11.6,2013-09-13,08:48:48.2,2456548.87142,CHIRON,725.0,515.220323581
HIP 2381,00:30:23.00,-23:46:52.9,2014-08-05,04:57:47.0,2456874.70972,CHIRON,505.108,583.67166123
HIP 23916,05:08:20.90,-08:39:51.9,2013-09-20,07:33:12.2,2456555.82167,CHIRON,1200.0,35.0156742573
HIP 24244,05:12:18.60,-11:52:15.5,2013-09-19,09:46:59.2,2456554.91045,CHIRON,488.0,325.035708614
HIP 24244,05:12:17.26,-11:52:15.2,2014-10-19,08:00:44.3,2456949.83599,CHIRON,370.0,562.622347524
HIP 24327,05:13:14.41,-12:56:21.7,2013-08-25,09:04:41.3,2456529.87986,CHIRON,276.596,558.207147083
HIP 24505,05:15:23.32,-26:56:52.6,2015-01-14,04:29:35.0,2457036.68888,CHIRON,2044.646,475.859760946
HIP 25280,05:24:28.05,-16:58:30.5,2014-10-20,05:53:44.3,2456950.74911,CHIRON,597.027,539.58462336
HIP 25608,05:28:17.84,-37:13:47.4,2014-03-02,02:46:11.5,2456718.62137,CHIRON,1030.0,357.241312564
HIP 25813,05:30:48.80,05:56:55.4,2013-09-09,09:04:39.1,2456544.88045,CHIRON,384.0,256.225948568
HIP 26063,05:33:30.43,-01:09:22.0,2013-10-17,07:00:00.2,2456582.79826,CHIRON,1139.0,245.078467361
HIP 26126,05:34:16.95,03:45:49.8,2014-03-04,23:55:28.0,2456721.49978,CHIRON,506.654,450.326280201
HIP 26126,05:34:16.43,03:45:57.6,2014-10-18,07:23:36.5,2456948.81124,CHIRON,550.0,362.620772587
HIP 27100,05:44:47.00,-65:44:03.6,2014-02-04,02:04:08.1,2456692.58791,CHIRON,294.066,679.263588964
HIP 27100,05:44:47.28,-65:43:55.5,2014-03-11,00:54:55.4,2456727.53917,CHIRON,177.439,562.782922919
HIP 27321,05:47:17.14,-51:04:04.8,2014-02-08,02:56:40.5,2456696.62372,CHIRON,177.683,639.201752335
HIP 28756,06:04:23.24,-32:09:56.6,2013-10-06,05:36:58.0,2456571.74095,CHIRON,1200.0,322.148360012
HIP 28910,06:06:09.56,-14:56:21.6,2014-02-05,02:33:44.0,2456693.60875,CHIRON,343.284,556.088334462
HIP 29150,06:08:58.50,-22:25:46.0,2014-02-09,03:05:50.8,2456697.63456,CHIRON,950.0,384.959440519
HIP 29151,06:08:58.50,02:29:58.3,2014-10-23,07:39:42.7,2456953.82282,CHIRON,617.211,536.270224785
HIP 29735,06:15:46.96,-13:42:52.7,2013-09-24,07:00:37.9,2456559.79675,CHIRON,803.0,375.706688964
HIP 30069,06:19:44.31,-34:23:23.1,2013-10-08,05:44:01.1,2456573.74585,CHIRON,1200.0,249.16315554
HIP 30073,06:19:42.88,-07:49:15.4,2013-10-16,07:38:58.7,2456581.82459,CHIRON,1011.0,284.438499218
HIP 30788,06:28:11.75,-32:34:14.4,2013-10-09,05:51:13.6,2456574.74673,CHIRON,488.0,337.729782506
HIP 31362,06:34:36.92,-32:42:25.0,2013-11-02,04:59:45.9,2456598.71511,CHIRON,1200.0,246.872290603
HIP 32474,06:46:41.48,-10:06:03.6,2013-10-27,05:42:20.9,2456592.74469,CHIRON,1200.0,340.072787503
HIP 32607,06:48:11.65,-61:56:16.7,2014-03-08,01:32:11.4,2456724.56441,CHIRON,67.194,562.689900247
HIP 32607,06:48:12.49,-61:56:36.1,2015-01-15,05:59:52.6,2457037.75024,CHIRON,56.5,205.764896573
HIP 32607,06:48:11.20,-61:56:10.2,2015-01-17,02:53:47.0,2457039.62097,CHIRON,49.421,206.994670946
HIP 33575,06:58:39.56,-25:24:27.6,2013-11-03,05:13:40.0,2456599.72477,CHIRON,1200.0,393.578785111
HIP 35180,07:16:16.12,-15:35:18.4,2014-02-08,06:09:04.2,2456696.76165,CHIRON,925.0,294.718000164
HIP 36760,07:33:42.30,15:49:02.1,2015-01-15,06:05:52.3,2457037.75705,CHIRON,4283.91,369.480439596
HIP 36760,07:33:37.20,15:49:29.6,2015-01-17,04:17:17.6,2457039.6806,CHIRON,3127.429,477.990661581
HIP 36917,07:35:23.06,-28:21:48.6,2013-10-18,07:25:21.9,2456583.81259,CHIRON,571.0,419.693669712
HIP 36917,07:35:24.08,-28:22:05.6,2014-11-10,07:46:08.6,2456971.82623,CHIRON,435.0,693.300985641
HIP 37297,07:39:28.07,-38:17:56.1,2013-10-09,07:28:33.4,2456574.81547,CHIRON,686.0,336.614225389
HIP 37297,07:39:28.02,-38:18:27.8,2014-02-10,05:37:51.5,2456698.73676,CHIRON,369.747,483.161184022
HIP 37297,07:39:26.85,-38:18:27.6,2014-03-13,00:46:27.7,2456729.5336,CHIRON,230.86,459.979673712
HIP 37322,07:39:43.48,-38:08:10.0,2014-11-14,06:54:09.8,2456975.79234,CHIRON,816.976,536.584335191
HIP 3741,00:48:01.72,-21:43:11.2,2015-06-01,09:20:27.6,2457174.89352,CHIRON,3980.858,430.62422754
HIP 3741,00:48:03.03,-21:43:27.1,2015-06-02,09:24:43.0,2457175.89501,CHIRON,3560.901,419.814379679
HIP 37450,07:41:17.50,-38:31:33.5,2013-11-04,05:42:51.6,2456600.74487,CHIRON,1171.0,446.288267177
HIP 38593,07:54:13.70,-35:52:16.4,2013-10-27,08:35:52.1,2456592.86519,CHIRON,1200.0,295.132480782
HIP 38593,07:54:13.85,-35:52:14.3,2013-11-03,07:37:49.0,2456599.82487,CHIRON,1200.0,410.095002993
HIP 38593,07:54:11.18,-35:52:28.9,2015-01-17,04:43:06.4,2457039.69852,CHIRON,331.017,170.869793666
HIP 38846,07:56:59.54,-43:29:30.7,2013-11-05,06:09:51.6,2456601.7632,CHIRON,1098.0,395.312363899
HIP 39095,07:59:51.73,-18:24:06.6,2014-02-23,02:47:33.7,2456711.61803,CHIRON,288.024,502.329816656
HIP 39095,07:59:52.48,-18:24:09.2,2014-04-10,01:27:16.7,2456757.56199,CHIRON,238.287,486.801794538
HIP 39095,07:59:53.00,-18:24:05.5,2014-04-18,00:33:28.0,2456765.52573,CHIRON,430.0,452.16462606
HIP 39906,08:09:02.30,-19:14:26.1,2013-10-15,08:38:43.7,2456580.86287,CHIRON,457.0,267.932534154
HIP 40429,08:15:15.75,-62:54:53.4,2014-02-03,05:09:34.6,2456691.71909,CHIRON,710.0,555.256851451
HIP 40706,08:18:32.99,-36:39:26.2,2013-02-04,03:19:12.1,2456327.63994,CHIRON,277.0,632.861445587
HIP 41039,08:22:32.78,-48:29:27.4,2013-02-07,06:24:09.2,2456330.76911,CHIRON,404.0,402.013901252
HIP 41039,08:22:31.38,-48:29:22.4,2015-01-17,05:25:20.3,2457039.72702,CHIRON,1727.774,532.301040509
HIP 42129,08:35:16.78,-58:12:58.3,2013-11-07,07:08:27.9,2456603.80334,CHIRON,1001.0,373.17239615
HIP 42334,08:37:51.88,-26:15:23.6,2014-02-24,03:12:15.1,2456712.63572,CHIRON,381.431,476.137613002
HIP 45336,09:14:21.91,02:18:49.5,2013-02-05,04:49:21.5,2456328.70193,CHIRON,171.0,288.464072679
HIP 45344,09:14:23.21,-43:13:38.6,2013-11-16,06:44:18.9,2456612.78657,CHIRON,1001.0,321.284500049
HIP 46283,09:26:19.72,-53:22:44.2,2013-11-23,07:02:41.5,2456619.79858,CHIRON,872.0,428.733272038
HIP 46283,09:26:17.50,-53:22:46.9,2014-02-24,04:50:14.0,2456712.70359,CHIRON,352.154,445.668825758
HIP 46283,09:26:17.41,-53:22:33.0,2014-03-16,01:17:28.8,2456732.55587,CHIRON,357.059,490.534960559
HIP 47175,09:36:49.67,-49:21:27.2,2013-05-12,01:26:27.1,2456424.56156,CHIRON,264.0,662.949893202
HIP 51362,10:29:29.39,-02:44:13.8,2013-11-29,07:20:08.1,2456625.81113,CHIRON,947.0,199.603410995
HIP 51362,10:29:28.88,-02:44:16.5,2014-01-16,05:57:35.6,2456673.75183,CHIRON,605.722,509.510165775
HIP 51362,10:29:27.57,-02:44:17.1,2015-01-21,06:52:33.5,2457043.78835,CHIRON,1298.321,337.252256353
HIP 52678,10:46:16.81,-64:30:48.9,2014-02-02,04:41:16.1,2456690.6989,CHIRON,618.323,606.932556769
HIP 52678,10:46:16.18,-64:30:35.4,2014-04-01,01:24:11.6,2456748.56064,CHIRON,374.979,495.653350414
HIP 52736,10:46:50.63,-64:22:50.8,2014-02-25,04:50:37.7,2456713.70335,CHIRON,263.337,491.249520993
HIP 52736,10:46:51.25,-64:22:40.7,2014-04-01,00:25:31.0,2456748.52079,CHIRON,530.0,537.190994227
HIP 5348,01:08:24.52,-55:14:52.5,2013-02-02,01:20:24.2,2456325.55691,CHIRON,186.0,391.434655156
HIP 55434,11:21:07.58,06:01:37.1,2013-02-09,06:33:19.9,2456332.7743,CHIRON,199.0,406.589631353
HIP 56633,11:36:41.11,-09:48:07.8,2013-02-12,05:59:21.2,2456335.75162,CHIRON,358.0,468.603451441
HIP 57328,11:45:18.84,08:15:24.7,2013-02-15,04:22:08.7,2456338.68447,CHIRON,419.0,490.249716976
HIP 57328,11:45:17.95,08:15:25.9,2013-03-19,02:47:30.7,2456370.61875,CHIRON,419.0,446.276620948
HIP 58590,12:00:53.55,06:36:45.0,2013-02-15,05:17:28.5,2456338.72251,CHIRON,352.0,523.56945026
HIP 59394,12:11:04.17,-23:36:15.1,2014-02-02,06:39:57.9,2456690.78319,CHIRON,940.0,373.931242552
HIP 59394,12:11:02.75,-23:36:02.1,2014-04-07,01:40:59.3,2456754.57485,CHIRON,815.437,497.27433517
HIP 59449,12:11:42.68,-52:21:43.3,2013-12-15,06:18:38.3,2456641.76471,CHIRON,305.0,151.232443747
HIP 59449,12:11:39.69,-52:22:08.6,2014-02-23,09:10:23.0,2456711.88329,CHIRON,185.8,444.963774747
HIP 60009,12:18:26.58,-64:00:03.1,2013-03-19,03:53:22.1,2456370.66322,CHIRON,200.0,522.808045497
HIP 60009,12:18:27.19,-63:59:45.7,2014-12-18,06:46:43.1,2457009.78363,CHIRON,205.607,512.730341795
HIP 60710,12:26:31.17,-51:27:04.3,2015-02-09,06:30:54.7,2457062.77269,CHIRON,1514.881,466.063515968
HIP 61622,12:37:42.03,-48:32:40.1,2013-03-27,04:35:26.0,2456378.69224,CHIRON,167.0,617.078681587
HIP 63724,13:03:34.24,-49:31:46.0,2013-02-15,06:07:05.9,2456338.75731,CHIRON,412.0,556.266152491
HIP 63724,13:03:32.83,-49:31:38.5,2013-03-20,05:07:26.0,2456371.71588,CHIRON,412.0,626.929486275
HIP 63945,13:06:15.94,-48:27:48.5,2013-03-20,04:19:56.2,2456371.68261,CHIRON,362.0,556.457462504
HIP 65198,13:21:40.77,02:05:22.3,2015-01-22,08:12:44.5,2457044.84623,CHIRON,3351.986,430.481804256
HIP 66249,13:34:42.23,-00:35:50.3,2013-03-27,05:01:45.8,2456378.71019,CHIRON,110.0,518.571621244
HIP 66821,13:41:44.38,-54:33:28.8,2014-03-02,05:51:25.9,2456718.74758,CHIRON,610.0,539.471973071
HIP 68520,14:01:40.56,01:32:47.7,2013-04-21,02:00:41.7,2456403.5852,CHIRON,239.0,468.264986421
HIP 70327,14:23:22.73,08:26:41.8,2014-03-03,07:12:55.4,2456719.80277,CHIRON,367.947,456.174051878
HIP 70915,14:30:09.24,-45:19:15.7,2015-03-09,05:03:46.8,2457090.71341,CHIRON,2985.029,458.584722701
HIP 70915,14:30:07.88,-45:19:04.1,2015-04-24,03:08:58.3,2457136.63383,CHIRON,3280.762,480.940883687
HIP 71865,14:41:57.45,-37:47:27.5,2013-04-01,04:53:39.4,2456383.70503,CHIRON,190.0,462.202005626
HIP 71865,14:41:57.48,-37:47:25.1,2015-02-07,07:07:35.6,2457060.79758,CHIRON,1205.406,498.290556492
HIP 71974,14:43:14.40,-25:00:01.1,2015-02-25,07:11:26.7,2457078.8029,CHIRON,3785.842,468.818487993
HIP 72104,14:44:59.26,-35:11:29.7,2014-03-04,08:36:40.7,2456720.86165,CHIRON,491.536,485.724958127
HIP 72250,14:46:29.39,-47:26:29.0,2015-02-17,05:13:47.7,2457070.72127,CHIRON,4024.658,486.904207267
HIP 73049,14:55:44.91,-33:51:03.3,2014-02-27,05:31:03.3,2456715.73423,CHIRON,748.838,531.411617092
HIP 7345,01:34:36.90,-15:40:15.6,2014-08-18,06:08:36.5,2456887.76006,CHIRON,706.173,541.904644056
HIP 7345,01:34:38.17,-15:40:23.6,2014-08-19,06:00:54.9,2456888.75689,CHIRON,1080.0,475.007074932
HIP 74117,15:08:51.09,-45:16:47.2,2013-04-01,06:26:47.0,2456383.76978,CHIRON,204.0,368.801332036
HIP 74689,15:15:49.29,00:22:23.9,2014-08-03,00:17:20.9,2456872.51606,CHIRON,692.865,547.512003585
HIP 75304,15:23:09.54,-36:51:23.7,2013-05-15,06:46:23.7,2456427.78401,CHIRON,309.0,336.300599261
HIP 76267,15:34:43.63,26:42:44.3,2013-03-29,09:07:43.6,2456380.88057,CHIRON,36.0,287.462401175
HIP 76600,15:38:39.48,-29:46:40.3,2013-03-29,09:55:27.0,2456380.9143,CHIRON,137.0,501.393116832
HIP 76852,15:41:32.77,19:40:13.2,2013-05-14,03:28:25.3,2456426.64651,CHIRON,306.0,373.912162232
HIP 77233,15:46:10.92,15:25:08.6,2013-05-14,04:32:37.5,2456426.69013,CHIRON,140.0,316.25507252
HIP 77516,15:49:37.71,-03:25:55.6,2013-03-29,09:27:30.1,2456380.89483,CHIRON,126.0,448.800380145
HIP 77635,15:50:59.45,-25:44:49.4,2014-03-09,05:19:25.3,2456725.72349,CHIRON,287.823,419.754473012
HIP 77858,15:53:53.19,-24:31:51.2,2014-03-17,05:58:08.3,2456733.75234,CHIRON,627.909,494.989187195
HIP 78105,15:56:53.89,-33:57:52.8,2014-08-01,00:45:52.2,2456870.53564,CHIRON,655.0,586.718067241
HIP 78106,15:56:53.37,-33:57:46.1,2014-03-20,04:43:28.6,2456736.70024,CHIRON,583.659,497.134673773
HIP 78265,15:58:49.14,-26:06:44.1,2014-04-19,06:33:24.5,2456766.77333,CHIRON,21.646,245.498232224
HIP 78554,16:02:18.77,22:48:04.0,2013-05-15,05:49:02.9,2456427.74476,CHIRON,408.0,268.19516767
HIP 78820,16:05:26.67,-19:48:29.0,2013-03-29,10:25:52.7,2456380.93494,CHIRON,53.0,489.7601374
HIP 78820,16:05:26.47,-19:48:16.7,2015-02-07,08:17:23.6,2457060.84582,CHIRON,263.021,364.792524007
HIP 78820,16:05:26.09,-19:48:19.5,2015-05-14,02:59:46.0,2457156.62505,CHIRON,163.842,387.711583827
HIP 78918,16:06:34.76,-36:47:56.5,2014-03-02,08:42:18.7,2456718.86445,CHIRON,300.0,605.597540262
HIP 78933,16:06:48.45,-20:40:07.7,2014-03-21,06:14:42.8,2456737.76066,CHIRON,76.783,251.219296634
HIP 79005,16:07:37.47,-12:44:42.5,2015-03-09,06:20:39.1,2457090.76808,CHIRON,4645.993,426.307878961
HIP 79007,16:07:37.38,09:53:18.9,2014-08-04,23:29:03.0,2456874.48232,CHIRON,659.248,552.547863582
HIP 79199,16:09:52.78,-33:32:21.6,2014-03-18,05:01:51.2,2456734.71223,CHIRON,450.609,467.684580909
HIP 79387,16:12:07.16,-08:32:41.6,2014-03-30,05:53:34.7,2456746.74885,CHIRON,572.747,495.629868367
HIP 79404,16:12:19.11,-27:55:35.2,2013-05-03,06:32:03.3,2456415.77414,CHIRON,324.0,472.616477726
HIP 79404,16:12:18.93,-27:55:28.2,2015-02-23,07:20:42.9,2457076.80716,CHIRON,1306.59,433.747369807
HIP 79404,16:12:19.10,-27:55:37.5,2015-03-09,09:02:44.8,2457090.87785,CHIRON,1135.163,453.228501062
HIP 79653,16:15:15.44,-47:22:15.4,2014-03-24,06:58:47.9,2456740.79355,CHIRON,469.313,492.170377257
HIP 80815,16:30:13.50,-25:07:04.9,2013-03-27,08:40:50.2,2456378.86397,CHIRON,393.0,531.911094976
HIP 80883,16:30:55.83,01:58:52.2,2013-03-27,08:03:57.6,2456378.83709,CHIRON,174.0,545.743635521
HIP 82514,16:51:52.33,-38:02:40.0,2014-03-10,07:19:09.1,2456726.80516,CHIRON,33.768,245.648721597
HIP 82673,16:54:02.58,10:09:41.9,2013-04-28,08:30:27.6,2456410.85606,CHIRON,272.0,179.327959525
HIP 82673,16:54:01.41,10:09:53.0,2014-08-02,01:49:00.4,2456871.57715,CHIRON,250.0,306.045012611
HIP 85537,17:28:49.46,00:19:43.6,2014-05-15,05:30:13.7,2456792.73453,CHIRON,900.0,595.362311341
HIP 85537,17:28:49.15,00:19:59.0,2015-03-15,09:02:11.0,2457096.879,CHIRON,4227.456,568.451993063
HIP 85727,17:31:05.83,-60:41:00.9,2014-04-24,08:28:31.3,2456771.85415,CHIRON,175.0,567.831435428
HIP 85922,17:33:30.00,-05:44:32.4,2014-08-17,01:15:32.9,2456886.55704,CHIRON,791.376,589.232550791
HIP 85922,17:33:31.20,-05:44:30.4,2015-03-22,08:18:27.8,2457103.84934,CHIRON,2542.554,374.3163204
HIP 85922,17:33:32.15,-05:44:46.9,2015-03-23,07:32:03.9,2457104.82013,CHIRON,7386.081,355.718296116
HIP 85998,17:34:37.33,09:35:00.7,2015-02-26,09:22:52.8,2457079.8932,CHIRON,1600.0,222.858231561
HIP 86019,17:34:46.48,-11:14:32.9,2014-03-31,08:28:17.8,2456747.8543,CHIRON,227.793,505.097262263
HIP 87108,17:47:54.61,02:42:25.0,2013-06-02,07:03:19.5,2456445.79486,CHIRON,152.0,301.567331637
HIP 88116,17:59:47.50,-23:49:00.2,2013-07-15,04:55:13.7,2456488.70718,CHIRON,372.972,594.326302328
HIP 88116,17:59:47.15,-23:49:02.4,2014-08-07,00:51:49.6,2456876.53784,CHIRON,320.0,381.930412442
HIP 88290,18:01:44.24,01:18:10.6,2014-08-04,02:09:03.2,2456873.59173,CHIRON,365.0,538.684942965
HIP 90887,18:32:21.26,-39:41:57.7,2014-04-01,07:05:39.5,2456748.7997,CHIRON,710.0,557.886231822
HIP 91875,18:43:45.95,-38:19:22.6,2014-03-29,07:14:00.9,2456745.80533,CHIRON,680.0,584.025907431
HIP 92855,18:55:16.03,-26:17:50.9,2013-05-03,07:16:53.5,2456415.80358,CHIRON,32.0,402.216886065
HIP 92855,18:55:16.61,-26:17:52.1,2014-08-11,01:43:43.0,2456880.5722,CHIRON,29.543,554.729828007
HIP 92946,18:56:13.27,04:12:13.4,2013-07-02,06:58:54.5,2456475.79287,CHIRON,339.0,498.416660413
HIP 93225,18:59:24.89,-12:50:38.7,2013-08-12,04:24:50.6,2456516.69086,CHIRON,1200.0,543.713853299
HIP 93580,19:03:33.35,01:49:09.0,2015-04-04,08:06:41.4,2457116.84209,CHIRON,5594.263,516.212493686
HIP 93805,19:06:15.38,-04:53:01.0,2014-04-28,06:46:58.5,2456775.78349,CHIRON,150.0,522.568068559
HIP 95241,19:22:39.27,-44:27:42.8,2013-06-16,09:26:02.3,2456459.89414,CHIRON,183.0,359.541126486
HIP 95241,19:22:39.03,-44:27:32.1,2013-08-04,07:09:12.8,2456508.79977,CHIRON,293.895,603.580043143
HIP 95241,19:22:38.67,-44:27:34.0,2014-07-31,03:05:22.0,2456869.63061,CHIRON,325.0,115.482324708
HIP 95619,19:26:55.95,-29:44:27.8,2013-08-19,02:33:40.0,2456523.61116,CHIRON,768.139,667.98069337
HIP 95619,19:26:57.92,-29:44:23.1,2015-04-06,06:58:19.1,2457118.7941,CHIRON,3451.481,321.288731691
HIP 97966,19:54:38.80,-08:13:44.0,2014-08-12,04:41:18.7,2456881.70206,CHIRON,1158.0,664.818874711
HIP 97966,19:54:37.33,-08:13:47.6,2014-09-25,00:14:07.3,2456925.5136,CHIRON,654.953,375.252368754
HR 1880,05:35:08.66,09:56:15.4,2013-10-29,05:41:14.7,2456594.73971,CHIRON,471.984,540.848604796
HR 2948,07:38:50.28,-26:47:36.6,2013-10-19,07:25:34.3,2456584.81276,CHIRON,576.0,366.197692921
HR 4259,10:55:38.11,24:45:00.3,2013-02-12,04:49:15.5,2456335.70263,CHIRON,304.0,333.552102512
HR 5605,15:05:07.13,-47:03:02.0,2013-04-01,05:36:42.2,2456383.73573,CHIRON,330.0,530.797100666
HIP 101716,20:37:10.88,+26:27:13.3,2013-10-17,02:19:01.12,2456582.59972,TS23,549.296,1256.5584346
HIP 105966,21:27:41.39,+27:36:35.4,2013-10-20,03:18:04.60,2456585.64062,TS23,530.395,1804.35371426
HIP 10670,02:17:19.73,+33:51:05.9,2013-11-22,04:18:00.91,2456618.67999,TS23,140.51,1810.63569466
HIP 106711,21:36:56.57,+40:24:38.5,2013-10-19,02:21:59.96,2456584.6026,TS23,689.181,699.943664943
HIP 106711,21:36:56.04,+40:24:29.1,2013-11-22,00:32:21.58,2456618.5257,TS23,557.423,2014.30892615
HIP 106786,21:37:44.96,-07:51:28.6,2014-11-01,02:02:57.41,2456962.58703,TS23,283.613,1624.892866
HIP 109521,22:11:07.27,+50:48:59.3,2013-10-21,01:50:45.74,2456586.57987,TS23,510.613,1864.17315933
HIP 109521,22:11:11.87,+50:48:23.2,2014-11-01,02:24:51.37,2456962.60399,TS23,586.532,1501.48845798
HIP 111169,22:31:16.02,+50:16:54.9,2013-10-20,02:49:02.86,2456585.61809,TS23,120.829,1900.38711453
HIP 111841,22:39:12.96,+39:02:51.1,2013-10-18,04:15:15.40,2456583.67881,TS23,267.339,1666.25704789
HIP 113788,23:02:34.16,+42:44:56.1,2013-10-21,03:06:01.17,2456586.6313,TS23,366.738,1825.24334472
HIP 114520,23:11:43.24,+08:42:46.8,2013-10-22,03:13:11.96,2456587.6373,TS23,541.417,1879.63538943
HIP 116631,23:38:05.03,+43:16:05.2,2013-10-18,05:02:52.23,2456583.71126,TS23,162.026,1735.8375719
HIP 116631,23:38:09.59,+43:15:29.3,2014-11-01,03:11:44.77,2456962.6346,TS23,249.01,1975.20186649
HIP 116805,23:40:27.61,+44:20:23.2,2013-08-24,08:08:29.95,2456528.84015,TS23,158.246,1681.48564253
HIP 116971,23:42:43.08,-14:30:57.7,2013-08-23,08:22:10.20,2456527.85108,TS23,407.05,1649.04857437
HIP 117371,23:47:48.57,+67:48:27.7,2013-10-21,04:05:38.52,2456586.6726,TS23,349.039,1759.08783169
HIP 118243,23:59:00.27,+55:45:31.2,2013-10-18,05:38:18.89,2456583.73697,TS23,350.576,1756.65099886
HIP 12332,02:38:51.89,+21:57:27.6,2014-01-20,00:43:34.85,2456677.53667,TS23,1106.658,1530.62597289
HIP 12706,02:43:19.16,+03:13:59.3,2013-10-19,08:40:32.15,2456584.86358,TS23,362.07,988.719631896
HIP 12719,02:43:31.01,+27:42:45.4,2013-10-18,08:56:49.75,2456583.87432,TS23,263.612,1717.82481806
HIP 12803,02:44:35.71,+15:18:59.2,2014-01-19,00:45:26.91,2456676.53417,TS23,451.52,1412.67115362
HIP 13209,02:49:58.91,+27:15:32.3,2013-11-22,03:48:42.76,2456618.65965,TS23,142.72,1875.00394212
HIP 13327,02:51:31.91,+15:04:40.6,2014-01-13,00:42:57.16,2456670.53677,TS23,1200.0,1802.85279427
HIP 1366,00:17:06.72,+38:40:29.5,2013-10-20,05:24:55.45,2456585.72723,TS23,274.435,1791.33319166
HIP 13879,02:58:44.92,+39:40:00.1,2013-11-22,04:48:58.99,2456618.70221,TS23,264.713,1487.35243785
HIP 13879,02:58:46.33,+39:39:25.2,2014-01-24,04:16:51.47,2456681.68376,TS23,930.192,225.190958152
HIP 14576,03:08:15.70,+40:56:48.5,2013-10-17,10:09:37.03,2456582.92355,TS23,35.515,2053.93031164
HIP 14576,03:08:06.93,+40:57:05.1,2013-10-18,07:59:59.49,2456583.83356,TS23,39.509,1027.84894718
HIP 14764,03:10:42.46,+11:52:22.7,2014-01-22,00:45:03.02,2456679.53436,TS23,531.526,1368.90082872
HIP 15444,03:19:12.03,+50:05:39.8,2013-10-17,10:26:30.90,2456582.93705,TS23,340.347,1794.56234856
HIP 16147,03:28:01.59,+49:03:46.4,2013-01-07,01:59:00.91,2456299.5869,TS23,734.95,1295.51031757
HIP 16210,03:28:55.93,+49:51:20.6,2014-01-19,01:49:55.75,2456676.57869,TS23,405.72,1440.02866582
HIP 16244,03:29:17.54,+49:30:37.8,2013-10-18,08:06:25.15,2456583.83959,TS23,310.548,1745.33753099
HIP 16340,03:30:38.25,+48:06:22.6,2014-01-21,00:48:29.27,2456678.53697,TS23,570.029,1408.838076
HIP 17527,03:44:58.35,+24:49:54.5,2014-11-02,09:47:44.61,2456963.91289,TS23,818.124,467.202397279
HIP 18141,03:52:38.45,-05:21:00.4,2014-01-21,02:11:10.92,2456678.5946,TS23,605.366,1428.72072213
HIP 18724,04:00:40.92,+12:29:10.3,2013-01-07,02:52:15.23,2456299.62093,TS23,226.416,1224.6643266
HIP 18805,04:01:45.72,+10:00:06.7,2013-10-20,06:42:03.25,2456585.78286,TS23,631.351,1760.7737979
HIP 19799,04:14:38.27,+10:00:20.7,2014-01-11,02:54:03.74,2456668.62782,TS23,1200.0,1896.21583976
HIP 19968,04:16:56.44,+61:51:30.0,2014-01-19,02:44:35.52,2456676.61733,TS23,524.232,1389.02991821
HIP 20789,04:27:16.29,+22:59:20.0,2013-10-21,07:50:16.81,2456586.82962,TS23,523.945,1614.6372184
HIP 21589,04:38:06.37,+12:30:33.7,2014-11-01,10:38:44.13,2456962.94484,TS23,219.526,1023.98144956
HIP 21683,04:39:16.61,+15:55:16.1,2014-11-01,11:17:54.66,2456962.97271,TS23,334.923,1044.34037324
HIP 21819,04:41:22.81,+28:36:36.6,2014-01-22,03:12:14.35,2456679.6362,TS23,466.018,1482.93138815
HIP 21928,04:42:55.88,+43:21:50.8,2014-01-20,02:57:01.53,2456677.62944,TS23,1123.734,1474.37274897
HIP 22509,04:50:37.29,+08:53:36.0,2014-01-10,02:42:23.70,2456667.61972,TS23,1200.0,1100.79566901
HIP 22833,04:54:49.48,+11:25:40.8,2014-01-22,02:20:52.59,2456679.60085,TS23,521.043,1521.83606943
HIP 22840,04:54:50.55,+00:28:07.8,2014-01-21,03:19:26.96,2456678.64156,TS23,528.357,1375.62682195
HIP 25048,05:21:47.02,+41:48:30.1,2013-01-07,04:29:34.94,2456299.69242,TS23,900.0,417.17645491
HIP 2505,00:31:42.79,+54:30:42.1,2013-10-21,05:02:13.22,2456586.71123,TS23,234.516,1696.53179412
HIP 2505,00:31:47.29,+54:30:17.5,2014-11-01,04:52:57.01,2456962.70809,TS23,804.002,1963.54125158
HIP 25281,05:24:31.21,-02:23:36.7,2013-01-07,04:58:12.10,2456299.71046,TS23,583.09,1121.13332113
HIP 25555,05:27:49.16,+15:52:37.9,2014-01-13,03:03:35.15,2456670.63096,TS23,600.086,1946.7451199
HIP 25695,05:29:18.79,+25:08:37.3,2014-01-12,03:24:28.96,2456669.64895,TS23,1200.0,1863.65451705
HIP 26093,05:33:52.92,+14:18:12.9,2014-01-19,03:47:10.78,2456676.6608,TS23,525.271,1376.52202626
HIP 26563,05:38:49.34,-07:12:05.5,2014-01-20,04:19:30.63,2456677.68312,TS23,502.345,1548.23216216
HIP 28691,06:03:27.52,+19:41:30.5,2013-01-06,06:35:27.48,2456298.77836,TS23,645.618,1295.40863737
HIP 2912,00:36:53.47,+33:43:30.4,2013-10-18,06:40:07.08,2456583.77901,TS23,199.318,2456.91806854
HIP 29997,06:18:54.07,+69:18:59.4,2014-01-22,04:38:24.13,2456679.69574,TS23,415.433,1459.51332116
HIP 31278,06:33:37.94,-01:13:18.1,2014-01-11,05:02:54.08,2456668.71496,TS23,797.177,1916.83761369
HIP 31434,06:35:16.51,+28:01:25.8,2014-01-19,04:59:39.66,2456676.71163,TS23,610.593,1483.22916994
HIP 3300,00:42:06.98,+50:30:39.9,2013-01-07,01:10:54.67,2456299.55323,TS23,689.173,1009.75050622
HIP 33372,06:56:25.95,+09:57:39.8,2014-01-21,05:07:54.05,2456678.71799,TS23,719.744,1379.05589935
HIP 34769,07:11:51.25,-00:29:27.9,2014-01-20,05:54:26.05,2456677.74775,TS23,278.814,1517.98127476
HIP 3478,00:44:30.43,+47:51:55.8,2014-01-12,00:36:09.01,2456669.5294,TS23,742.656,1869.54528972
HIP 3478,00:44:22.60,+47:52:40.1,2014-11-02,02:58:39.54,2456963.63101,TS23,1200.0,1019.35395711
HIP 35341,07:18:03.89,+40:52:35.0,2014-01-23,05:49:01.89,2456680.74721,TS23,833.354,1068.72153625
HIP 36393,07:29:23.45,+28:07:06.7,2014-01-13,06:16:19.05,2456670.76419,TS23,494.033,1402.83632463
HIP 36393,07:29:24.28,+28:06:57.9,2014-01-19,06:07:00.73,2456676.75843,TS23,615.837,1547.28377506
HIP 36760,07:33:34.99,+15:49:39.2,2014-01-11,06:55:01.21,2456668.79305,TS23,836.268,703.720529715
HIP 38538,07:53:32.86,+26:45:27.8,2014-01-12,06:44:07.40,2456669.78339,TS23,474.317,1990.32536826
HIP 3881,00:49:47.86,+41:04:32.4,2013-10-20,04:43:40.58,2456585.69828,TS23,221.521,1691.57389572
HIP 3881,00:49:55.86,+41:04:50.6,2014-11-03,02:13:56.34,2456964.59996,TS23,1200.0,707.896477534
HIP 39236,08:01:33.70,+16:26:58.3,2014-01-22,05:31:25.88,2456679.73439,TS23,730.18,1419.49898814
HIP 39567,08:05:07.71,+13:06:40.8,2014-01-11,07:13:45.15,2456668.80476,TS23,612.615,1942.57667735
HIP 39847,08:08:31.00,+51:30:38.7,2014-01-19,07:06:47.31,2456676.7987,TS23,401.53,1502.92842876
HIP 41307,08:25:36.20,-03:53:42.6,2014-01-10,07:38:44.58,2456667.82262,TS23,699.944,1222.62286161
HIP 42313,08:37:34.38,+05:43:09.9,2014-01-24,07:16:01.37,2456681.80562,TS23,488.831,1015.69651095
HIP 43142,08:47:17.44,-01:53:23.5,2014-01-13,06:55:11.33,2456670.79207,TS23,646.619,1977.87581995
HIP 44127,08:59:13.73,+48:02:33.6,2014-01-20,09:06:38.45,2456677.881,TS23,239.33,1599.17222139
HIP 4436,00:56:45.03,+38:31:27.5,2013-10-20,06:10:49.42,2456585.75826,TS23,129.021,1940.31137133
HIP 45688,09:18:49.79,+36:48:00.7,2013-01-07,10:11:26.23,2456299.92808,TS23,600.0,883.77121682
HIP 46225,08:34:47.53,+36:25:06.0,2014-01-22,07:55:48.99,2456679.83583,TS23,932.981,1298.42503774
HIP 47006,09:35:02.18,+52:02:52.9,2014-01-19,12:44:38.16,2456677.03316,TS23,373.431,1585.84954337
HIP 50303,10:16:14.64,+29:18:25.3,2014-01-20,06:34:17.76,2456677.78076,TS23,1200.0,1347.64593849
HIP 50860,10:23:04.85,+33:54:50.3,2014-01-21,07:20:48.17,2456678.81278,TS23,1151.422,1469.07799932
HIP 5131,01:05:40.46,+21:28:25.9,2013-10-22,04:38:38.29,2456587.69729,TS23,654.63,1776.74749153
HIP 5132,01:05:41.79,+21:28:02.6,2013-10-22,06:21:30.78,2456587.76804,TS23,535.241,1545.41469466
HIP 51685,10:33:30.74,+34:58:54.9,2014-01-20,09:33:45.94,2456677.9045,TS23,1046.29,1463.58617724
HIP 52422,10:42:59.53,+26:19:50.5,2014-01-19,08:43:05.03,2456676.86627,TS23,522.142,1540.78605383
HIP 52457,10:43:23.58,+23:11:24.0,2014-01-19,07:50:05.63,2456676.8302,TS23,646.982,1501.36947537
HIP 52638,10:45:55.38,+30:40:32.3,2014-01-12,07:52:41.92,2456669.83238,TS23,711.393,1896.28106887
HIP 52911,10:49:18.45,+10:32:23.7,2014-01-13,08:32:12.35,2456670.86009,TS23,758.258,1945.3903159
HIP 54849,11:13:51.44,-00:04:13.1,2014-01-13,10:23:43.59,2456670.93775,TS23,796.726,2076.36850397
HIP 55266,11:19:06.48,+38:11:20.9,2013-01-07,11:49:13.19,2456299.99772,TS23,900.0,198.507676572
HIP 56034,11:29:08.46,+39:20:19.5,2014-01-19,09:46:02.29,2456676.90988,TS23,502.401,1462.34970315
HIP 56633,11:36:41.94,-09:46:38.5,2014-01-12,09:42:41.43,2456669.90723,TS23,447.275,1988.49870333
HIP 59819,12:16:00.82,+14:53:28.7,2014-01-12,10:52:51.74,2456669.95607,TS23,464.989,1944.7392191
HIP 60595,12:25:13.78,-11:34:49.6,2014-01-19,10:34:22.80,2456676.94486,TS23,745.799,1537.31288367
HIP 60957,12:29:47.34,+20:53:29.6,2014-01-21,09:57:08.87,2456678.91992,TS23,903.842,1502.71251554
HIP 65477,13:25:16.06,+54:58:45.7,2014-01-12,12:12:50.64,2456670.01012,TS23,207.05,2522.32913021
HIP 65728,13:28:25.74,+59:56:57.6,2014-01-20,11:16:30.36,2456677.97674,TS23,1200.0,1714.97156771
HIP 70327,14:23:23.09,+08:26:53.6,2014-01-24,11:25:06.66,2456681.98244,TS23,1152.359,226.401362795
HIP 70400,14:24:08.94,+05:49:21.0,2014-01-11,12:02:06.25,2456669.00495,TS23,602.256,1997.71785805
HIP 75178,15:21:53.10,+32:55:45.2,2014-01-21,11:42:22.28,2456678.99248,TS23,815.452,1617.60172824
HIP 813,00:10:01.75,+11:08:41.4,2013-11-22,01:53:23.48,2456618.58197,TS23,557.356,1805.91196555
HIP 9312,01:59:31.97,+64:36:46.5,2013-10-21,06:39:00.81,2456586.77952,TS23,419.169,1749.70026683
HIP 93225,18:59:24.82,-12:50:57.4,2014-11-01,01:16:01.72,2456962.55605,TS23,561.625,1432.85108563
HIP 93747,19:05:24.63,+13:51:41.5,2013-10-22,00:50:05.09,2456587.53528,TS23,85.337,1878.62190734
HIP 95853,19:29:42.29,+51:43:57.6,2013-10-20,00:58:20.59,2456585.54127,TS23,129.435,2014.98386568
HIP 96288,19:34:39.99,+42:24:14.5,2013-10-20,01:28:58.92,2456585.56462,TS23,489.28,1855.12410171
HIP 97496,19:49:00.38,+19:08:23.2,2013-10-19,00:57:55.98,2456584.54221,TS23,342.439,1819.13089282
HIP 98055,19:55:34.21,+52:25:59.2,2013-10-21,00:55:56.02,2456586.5407,TS23,320.344,1816.9013425
HIP 98194,19:57:16.48,+40:22:00.6,2013-10-18,00:59:16.81,2456583.54403,TS23,494.728,1754.50673478
HIP 98325,19:58:36.93,+30:58:39.9,2013-10-22,01:17:38.62,2456587.55706,TS23,543.343,1745.83038417
HIP 99080,20:06:56.25,+23:36:54.7,2013-10-18,03:03:55.97,2456583.6298,TS23,357.526,1738.21074407
HR 545,01:53:30.65,+19:17:38.7,2013-10-21,05:50:51.41,2456586.74519,TS23,265.198,1712.50234962
HR 545,01:53:33.80,+19:17:33.1,2014-01-11,01:16:14.04,2456668.5564,TS23,597.133,1921.74992342
HR 604,02:03:56.00,+42:19:34.4,2013-10-20,08:39:40.06,2456585.8629,TS23,348.931,1654.03822574
HIP 100069,20:18:34.55,+40:46:04.8,2013-04-27,09:51:33.36,2456409.91341,HRS,451.0,561.878340765
HIP 100221,20:19:48.51,+62:18:26.4,2013-08-19,06:46:03.76,2456523.78705,HRS,874.0,830.382686562
HIP 105282,21:19:58.83,+49:34:10.3,2013-08-18,03:28:44.16,2456522.65078,HRS,1006.0,853.405164761
HIP 105942,21:27:52.79,+37:10:52.4,2013-08-19,08:52:27.76,2456523.87254,HRS,480.0,759.144299051
HIP 105972,21:28:00.92,+66:51:47.7,2013-08-03,07:33:11.35,2456507.81626,HRS,267.0,689.117908105
HIP 111068,22:30:36.66,+32:38:46.5,2013-08-08,05:36:22.34,2456512.73569,HRS,362.0,498.220645023
HIP 116582,23:38:10.60,+44:30:12.8,2013-08-06,06:24:14.02,2456510.76992,HRS,534.0,666.728700012
HIP 13165,02:50:03.10,+17:31:13.5,2013-08-14,09:45:43.34,2456518.90834,HRS,275.0,847.934156207
HIP 14043,03:01:53.23,+52:24:57.0,2013-08-19,10:00:31.77,2456523.91935,HRS,400.0,616.660201888
HIP 14143,03:03:05.16,+04:24:18.9,2013-08-14,10:27:45.97,2456518.93862,HRS,462.0,899.998130023
HIP 15338,03:18:45.82,+44:04:31.2,2013-08-19,09:24:23.17,2456523.89523,HRS,570.0,693.903371411
HIP 15404,03:19:33.22,+50:16:19.0,2013-08-13,10:04:39.79,2456517.92109,HRS,205.0,618.616919266
HIP 17527,03:45:56.76,+24:53:03.2,2013-08-13,10:22:27.81,2456517.93475,HRS,429.0,668.210521743
HIP 18396,03:56:53.46,+47:54:24.2,2013-08-12,10:30:16.80,2456516.93919,HRS,259.0,506.404837393
HIP 20430,04:23:25.93,+25:39:30.8,2013-08-16,10:51:27.98,2456520.95449,HRS,360.0,705.488323632
HIP 20579,04:25:20.10,+34:09:52.7,2013-08-13,10:52:19.76,2456517.95584,HRS,490.0,825.387978975
HIP 2548,00:33:03.75,+07:02:26.3,2013-08-12,08:05:57.78,2456516.83986,HRS,412.0,1065.55304437
HIP 5361,01:09:25.43,+58:20:25.7,2013-08-19,07:55:07.57,2456523.83574,HRS,1000.0,808.2055806
HIP 66798,13:41:52.92,+64:45:30.0,2013-03-26,07:35:53.98,2456377.81869,HRS,362.0,614.577567515
HIP 67194,13:46:47.50,+41:01:21.2,2013-04-07,04:43:42.00,2456389.69914,HRS,368.0,741.486063244
HIP 67782,13:53:46.73,+28:35:23.5,2013-04-12,10:02:20.59,2456394.92037,HRS,359.0,677.774318242
HIP 70384,14:24:38.59,+08:11:09.7,2013-04-21,05:26:32.37,2456403.72919,HRS,420.0,562.960828224
HIP 72154,14:46:08.95,+00:39:58.2,2013-04-21,05:58:12.37,2456403.75049,HRS,300.0,471.31832504
HIP 77336,15:47:54.03,+14:04:25.5,2013-04-14,06:50:40.76,2456396.78672,HRS,264.0,614.903799765
HIP 8016,01:44:00.18,+70:41:57.4,2013-08-18,11:03:14.81,2456522.96249,HRS,328.0,577.019461342
HIP 80991,16:32:36.44,+60:47:33.3,2013-04-07,08:38:10.17,2456389.86218,HRS,404.0,723.946745477
HIP 81641,16:41:16.47,+04:11:52.4,2013-04-22,07:58:06.57,2456404.83387,HRS,320.0,536.275107959
HIP 82350,16:50:10.87,+13:14:16.5,2013-04-09,08:11:57.60,2456391.84398,HRS,404.0,657.397766257
HIP 83635,17:06:13.30,-00:54:09.2,2013-04-25,08:30:53.15,2456407.85661,HRS,316.0,484.602241928
HIP 85379,17:27:05.31,+48:15:10.4,2013-04-16,08:25:06.56,2456398.85268,HRS,330.0,740.590075446
HIP 85998,17:35:12.65,+09:34:41.9,2013-04-25,08:00:16.39,2456407.8354,HRS,324.0,486.958266297
HIP 86782,17:44:14.55,+53:47:25.2,2013-04-22,08:22:22.14,2456404.85066,HRS,310.0,501.731507959
HIP 8704,01:52:50.00,+55:12:32.0,2013-08-02,09:33:25.36,2456506.90032,HRS,365.0,416.487945748
HIP 88817,18:08:19.69,+26:05:51.7,2013-04-23,08:09:55.79,2456405.84254,HRS,400.0,723.961565536
HIP 88818,18:08:20.92,+26:06:00.9,2013-04-15,08:23:43.38,2456397.85186,HRS,355.0,507.883878194
HIP 89156,18:12:13.24,+33:27:02.4,2013-04-23,07:38:49.19,2456405.82134,HRS,470.0,608.904673144
HIP 90052,18:23:11.62,+12:02:10.1,2013-04-23,08:59:36.02,2456405.87762,HRS,500.0,757.084018659
HIP 92027,18:46:06.36,+05:31:02.5,2013-04-23,09:53:36.98,2456405.91432,HRS,360.0,572.913373333
HIP 92312,18:49:26.52,+19:20:39.2,2013-04-26,08:57:36.61,2456408.8756,HRS,390.0,646.409322961
HIP 92728,18:54:09.44,+36:58:55.8,2013-04-23,08:37:31.55,2456405.86101,HRS,280.0,559.80478159
HIP 93393,19:01:46.79,+26:18:28.0,2013-04-22,09:04:54.17,2456404.88026,HRS,320.0,539.347167961
HIP 94720,19:17:05.68,+14:34:44.7,2013-08-13,06:45:05.75,2456517.78363,HRS,400.0,881.032586183
HIP 96840,19:41:41.31,+13:50:44.6,2013-04-26,09:55:42.81,2456408.91688,HRS,552.0,944.363372608
HIP 97870,19:53:36.19,+57:33:20.7,2013-08-13,07:28:04.00,2456517.81223,HRS,185.0,832.743439248
HR 5476,14:41:19.39,+16:21:39.7,2013-04-26,04:59:59.35,2456408.71009,HRS,304.8,656.727699676
